Country Code,Country Name,Year,fdi_inflows_percent_gdp,inflation,government_consumption_percent_gdp,exports_percent_gdp,gross_fixed_capital_formation,imports_percent_gdp,gdp_growth,gdp_per_capita,unemployment,population_growth,trade_openness
AUT,Austria,1995,0.760156006172297,2.24336631500898,19.9136754254981,33.6650009227647,25.6814352868846,34.8600048302325,2.66798388882503,33603.4278263558,4.345,0.153106260702748,68.5250057529972
AUT,Austria,1996,1.83236524365315,1.86097115760437,19.9199775990025,34.4377355805807,25.9792394170832,36.0315807177005,2.21576713087359,34301.6562151382,5.282,0.135019833748789,70.4693162982812
AUT,Austria,1997,1.26058669809025,1.30597857227691,19.9074840934066,37.2144335874111,25.5410735111136,38.0300424431444,2.1458350552646,34998.0321173934,5.15,0.113316608322994,75.2444760305555
AUT,Austria,1998,2.1061851136777,0.922467196680849,19.8805896009437,38.5615906228388,25.5828501885423,38.787931037573,3.49288002962309,36180.7490571265,5.483,0.109728368100981,77.3495216604118
AUT,Austria,1999,1.37439937408037,0.568993765885531,20.1321065204172,39.5093125883092,25.0791471023159,39.0536203889869,3.76192435190464,37468.8698869794,4.699,0.194563153264961,78.5629329772961
AUT,Austria,2000,4.33323688730786,2.34486285357281,19.5314707769617,43.591091462861,25.706049968312,42.2515162707939,3.18952292988787,38571.0858780001,4.687,0.240466652446524,85.8426077336549
AUT,Austria,2001,2.89572243102078,2.65000077279529,19.2543106270972,44.8518101806208,24.9279130602684,43.1444465379839,1.31698749571339,38929.753800545,4.007,0.382799394483217,87.99625671860471
AUT,Austria,2002,0.0650010498093938,1.81035787764129,19.0915242404323,45.6510533943756,23.6230774906842,41.9334403110863,1.48436877605324,39313.7225107545,4.852,0.49198046425522,87.58449370546191
AUT,Austria,2003,2.37557550248335,1.35555370896445,19.1994923160856,44.8257225915126,24.1941212310447,42.0565037313482,1.14156504542775,39569.2885567329,4.779,0.487133894826838,86.8822263228608
AUT,Austria,2004,1.0640170021225,2.0612061803287,19.1435006201648,47.2191991038628,23.7682466626674,44.2550210841381,2.56525534067859,40333.3307183894,5.969,0.620413127334181,91.4742201880009
AUT,Austria,2005,25.8307026071969,2.29913785639286,19.578956279012,48.9511516701756,23.2345864227667,45.7236031126049,2.32036514266782,40989.0131778975,5.682,0.681267248299787,94.6747547827805
AUT,Austria,2006,3.14473468828869,1.44154851119017,19.5236882601217,51.2031559330564,22.8306808001519,47.5825693830677,3.26933601506059,42120.1557002022,5.32,0.494797775098466,98.7857253161241
AUT,Austria,2007,17.8058113461032,2.16855528800757,18.9952201499781,52.8904832388178,23.1393973500284,48.4744751966427,3.77522468729185,43568.8302243941,4.909,0.324146535285463,101.3649584354605
AUT,Austria,2008,1.46799597032563,3.2159503323988,19.5504763856736,53.5983913417575,23.5337970115719,49.1453130195427,1.45330562142114,44063.8642019916,4.198,0.313041437661508,102.74370436130019
AUT,Austria,2009,3.58137196898673,0.506308827696504,20.8429660876862,45.4869106822459,22.6637107958545,42.1135824199495,-3.58626472551299,42372.4758254763,5.371,0.261953189906348,87.6004931021954
AUT,Austria,2010,-5.64539670207833,1.81353438995062,20.7014308958778,51.5839821122491,21.8611554230227,48.0609004424225,1.80898243043663,43035.4073531933,4.883,0.240394299500766,99.6448825546716
AUT,Austria,2011,5.35812778038962,3.2865791487538,20.1261020626005,54.2920768831722,22.7073592505649,51.4830214892056,2.92746800169145,44146.1956805294,4.637,0.337080841831645,105.7750983723778
AUT,Austria,2012,1.2830027920872,2.48567562177015,20.1127296077276,54.325492441456,22.9527434287837,51.5152989482497,0.628246239479637,44221.4599530893,4.909,0.45593747231891,105.8407913897057
AUT,Austria,2013,-0.302633479129545,2.00015616900597,20.2246904822814,53.8898209853854,23.3121101516353,51.0955530299819,-0.250726423318454,43851.3675497404,5.367,0.589387254692989,104.9853740153673
AUT,Austria,2014,0.389557041234778,1.60581182954474,20.1541074285657,53.8561570961341,22.9671788352856,50.6405828931259,0.755798850316665,43838.8345892137,5.674,0.781541632525841,104.49673998925999
AUT,Austria,2015,-1.80409511056007,0.89656333526032,20.128570640961,53.3960122723239,22.8959621968365,49.7215694739361,1.30352331826198,43915.228020857,5.802,1.12099250236958,103.11758174626
AUT,Austria,2016,-7.23989904197038,0.891591752655362,19.9765754686425,52.6634020833052,23.3219102437796,48.910092513867,2.11721964494312,44362.6702805116,6.064,1.08139629872802,101.5734945971722
AUT,Austria,2017,3.38180275607348,2.08126911385587,19.7920045735021,54.3260296753968,23.8459451205616,51.2300370800408,2.27224992038207,45056.6385912412,5.561,0.694621103604983,105.5560667554376
AUT,Austria,2018,-6.15119207172195,1.99837981429549,19.6244810717199,55.7022394735073,24.3135937640992,52.6757304983207,2.48422114080024,45951.5819164034,4.933,0.487071924768999,108.37796997182801
AUT,Austria,2019,-2.85255617561831,1.53089564152644,19.7190068292236,55.8958073929339,25.0801117201002,52.3114775114917,1.75497619649288,46550.5622459492,4.56,0.444673639004876,108.20728490442559
AUT,Austria,2020,-2.76332070661681,1.38191063351854,21.3096203136955,51.6630899700616,25.134256704245,48.2851241395359,-6.31825509209936,43428.6983137234,5.201,0.415176731565556,99.9482141095975
AUT,Austria,2021,3.95409878611296,2.7666666666667,21.8158646754257,55.9539450675875,25.8646541570211,55.0789870565772,4.92309171717903,45368.6434337368,6.459,0.435671684056384,111.03293212416469
AUT,Austria,2022,3.0221599256451,8.54686993188458,20.5357118895674,61.4273121186873,25.2127203813994,62.1522665342146,5.33096379400371,47332.4240357971,4.992,0.956287797076634,123.57957865290189
AUT,Austria,2023,0.566112370322707,7.81413417002831,20.5750006645567,58.4867595713944,24.6875584181551,56.6661552513376,-0.786244288594673,46497.9114640341,5.264,0.989464653969154,115.152914822732
AUT,Austria,2024,2.55351579610657,2.93791574279376,21.5978374083965,55.6782850851641,23.5479112127244,53.1474927492406,-0.659089573171372,45958.8250071261,5.2,0.504879813795986,108.8257778344047
AUT,Austria,2025,-2.01581463662181,3.52719439956928,21.9087193894571,54.7019473752362,23.5267100229664,52.3178918904941,0.615747280959056,46090.2514170459,5.582,0.328301850203979,107.0198392657303
BEL,Belgium,1995,3.71102444734668,1.46796699090272,21.2989651245599,60.1143717180605,21.2317407409695,56.2641961032662,2.38475724870135,31508.622663522,9.337,0.209436838020324,116.3785678213267
BEL,Belgium,1996,5.03718760952012,2.07702107350675,21.7183862211024,61.1923909558718,21.1846630058459,58.0203848015116,1.32143214432601,31862.6693868132,9.483,0.1953931762382,119.2127757573834
BEL,Belgium,1997,4.74788988025515,1.62816049512954,21.1513979156766,64.7865810804479,21.8542937017378,60.902358975732,3.79367165541437,32991.5010116146,8.95,0.241991884983082,125.6889400561799
BEL,Belgium,1998,8.77679407696031,0.94925028835061,21.0949180608347,64.1743450154283,21.7804884968778,60.5347776108893,1.96183240455609,33566.9875919507,9.322,0.213527650670943,124.7091226263176
BEL,Belgium,1999,46.3484571485071,1.12084823417847,21.2820398534755,64.5630595160862,22.1665354285214,60.6069310248626,3.54271798823922,34676.6051555263,8.649,0.229189103029716,125.16999054094879
BEL,Belgium,2000,37.4753122979087,2.544517761909,21.0401971476314,72.5473951580567,22.5070638327085,69.6827399089776,3.71670510672588,35878.3153586195,6.586,0.242517956221334,142.2301350670343
BEL,Belgium,2001,37.2564694834172,2.46925823086083,21.3136063380204,71.6119589202939,22.3902708268942,67.964880914325,1.09960362419645,36148.2880924306,6.178,0.343951157623668,139.5768398346189
BEL,Belgium,2002,7.01242443993657,1.64521436175361,22.1388815392458,70.8312976956765,20.696424121126,65.2538517924041,1.70689430349601,36600.862592332,6.91,0.448268894821562,136.08514948808062
BEL,Belgium,2003,10.8648744877518,1.58896399970372,22.4843723439742,69.0365085088844,20.4941888377035,63.679044325004,1.03795518162204,36826.2699296094,7.68,0.418641508069053,132.7155528338884
BEL,Belgium,2004,12.0521106747569,2.09728311239316,22.1972126513166,70.906277447218,21.4618504095247,66.0121279012141,3.57120671942319,37976.6972967442,7.363,0.432788248129175,136.9184053484321
BEL,Belgium,2005,8.72717720186463,2.78143263670029,22.093997631255,74.2828289213953,22.1538935922611,70.2462217485879,2.32173792911834,38645.2605193362,8.44,0.550055708089009,144.5290506699832
BEL,Belgium,2006,14.4078713936675,1.79120770070454,21.9387885339603,76.8049970552189,22.3254390645591,72.7625122442923,2.55234087322462,39371.0858277448,8.246,0.659558214980699,149.5675092995112
BEL,Belgium,2007,20.5026740062328,1.8230563002681,21.6158948183584,78.3018047028263,23.2930144412895,74.1666421724765,3.67692462515802,40520.0843207009,7.459,0.734330830765919,152.4684468753028
BEL,Belgium,2008,36.8029204549975,4.48944420508404,22.6661446948071,80.8806199752035,24.1181419052712,80.2078278152436,0.446905130727231,40380.9075004042,6.976,0.789976845480149,161.0884477904471
BEL,Belgium,2009,15.948905674901,-0.0531456741254177,24.127661618089,68.5960770690546,22.5500517779492,66.5423286532355,-1.90644105515335,39293.637546825,7.908,0.804599572619861,135.1384057222901
BEL,Belgium,2010,26.0596407490286,2.18929920422458,23.7422173182426,75.8282898692443,21.9382428923496,74.3342737521831,2.71031150254662,39991.5646206286,8.293,0.913639391631709,150.1625636214274
BEL,Belgium,2011,31.0366884311298,3.5320821072274,23.86685092413,80.2713643518839,22.7900061624511,80.494152536242,1.93115502411325,40236.9596308558,7.14,1.3010029017038,160.7655168881259
BEL,Belgium,2012,2.36956900950954,2.83966343445899,24.1820728168566,80.0489721342421,22.8236232419409,80.3343292908166,0.215803612089744,40074.492800399,7.542,0.620163579337378,160.3833014250587
BEL,Belgium,2013,-5.65561784857252,1.1130959402754,24.2045500908097,78.9114134413606,22.1558511394486,78.6622093410738,0.305494549070232,40007.8997891411,8.425,0.471340143966627,157.5736227824344
BEL,Belgium,2014,-2.82643623555084,0.340002833356922,24.1076426881484,79.3965205800202,22.8409196700006,79.1750903735027,1.76554038149924,40533.9135027898,8.523,0.44392928847521,158.5716109535229
BEL,Belgium,2015,-4.23261410354123,0.561429152790158,23.6734546539667,77.8777392199991,23.1519860999475,77.1909428259269,1.47416433731927,40893.804537772,8.482,0.579446241677791,155.06868204592598
BEL,Belgium,2016,12.1319420227113,1.97385264653163,23.3188265796837,79.6181317071952,23.5198221753782,79.43956490475,1.19350273007754,41172.8862831209,7.83,0.506300002451376,159.0576966119452
BEL,Belgium,2017,-7.4442379017663,2.12597086002616,23.1162236427374,83.4444050525116,23.5041514887444,83.4596731852798,1.47446761556785,41619.328629169,7.09,0.385228018372369,166.9040782377914
BEL,Belgium,2018,-7.66649538713467,2.05316499865178,23.1517515655339,83.4830567161373,23.7749835796852,84.7946361610806,1.87796847383565,42208.3625650272,5.941,0.455184695275022,168.2776928772179
BEL,Belgium,2019,-1.97252997818915,1.43681956996438,22.9562562872188,82.9674275396401,24.2312098845978,82.4980513923498,2.4428900448156,43006.4042308863,5.364,0.540461327098122,165.46547893198988
BEL,Belgium,2020,-5.69020542304612,0.740791812220344,24.2369125321374,79.1968705613294,24.0338724949105,77.7532507214541,-4.7929839083518,40769.0218072962,5.545,0.430996815099722,156.9501212827835
BEL,Belgium,2021,5.6774240968721,2.44024851144084,23.7668936810637,89.625374866218,23.9163856652107,87.7565373348573,6.25445686466593,43140.9676652971,6.248,0.411601996532257,177.3819122010753
BEL,Belgium,2022,2.22097062697703,9.597511728725,23.4038814395859,94.3593146395926,23.9161142447757,96.6941034919995,4.02460852835887,44516.002160801,5.57,0.808165350001861,191.05341813159208
BEL,Belgium,2023,-0.652733821591808,4.04901077613941,23.3660454602474,82.8132982978783,24.1745802432932,83.174142438564,1.56125539542029,44828.2274521244,5.547,0.850263748167955,165.9874407364423
BEL,Belgium,2024,-6.1637514992582,3.14349136500041,23.7383780306407,79.3187864838737,24.2779848762966,79.7046946650529,1.09775383828703,45019.6989654607,5.7,0.66555918543206,159.02348114892658
BEL,Belgium,2025,-3.96835875820548,2.46705543774613,23.9532297750536,75.4500710497086,23.8945707368656,77.4677176696568,0.983117967125935,45145.6641673237,5.906,0.698907329339411,152.9177887193654
BGR,Bulgaria,1995,0.475980150196017,62.0548336837992,15.3481611858194,32.3397333194325,16.6686853479005,22.9232752924149,2.90231544397766,4022.19748673152,11.1,-0.44539850047226,55.2630086118474
BGR,Bulgaria,1996,0.886496780882187,121.60754244925,13.8490305526592,48.4969586842486,4.45233960435174,37.3237673326382,5.20547920578709,4253.45199440193,12.5,-0.515729879636827,85.8207260168868
BGR,Bulgaria,1997,4.46066180037385,1058.37355921973,12.143161762968,49.5761831408403,9.68098126725783,36.8875531929106,-14.1153771596692,3675.36877811444,13.7,-0.608797354537911,86.4637363337509
BGR,Bulgaria,1998,3.57453184133774,18.6722044420641,18.3452620819835,41.9413442477275,14.5937766399254,35.1038573189154,3.7891144939896,3840.17297697202,12.2,-0.66730270106626,77.0452015666429
BGR,Bulgaria,1999,6.00381677294921,2.57304281890212,19.6065087149202,42.7498045960997,16.2553552539751,47.3251767694596,-8.39608774026568,3537.52626953376,14.1,-0.560648224779443,90.0749813655593
BGR,Bulgaria,2000,7.56041990720244,10.3162621289989,19.7851116392357,36.2188521925379,16.7311809263197,41.5268332287322,4.58722553234129,3718.11895993863,16.218,-0.493896416633318,77.74568542127011
BGR,Bulgaria,2001,5.73133418235157,7.36093927231841,19.3684612889497,34.8813225778741,19.2659191386409,44.2000598236182,3.82370222571771,3937.90285118373,19.921,-1.99063220438276,79.0813824014923
BGR,Bulgaria,2002,5.51491322727398,5.81014365721826,19.1781539916002,33.6473094348292,18.9772762631082,41.6223119808917,5.87193134676191,4260.62251956893,18.11,-2.17069878030004,75.2696214157209
BGR,Bulgaria,2003,9.91575177653408,2.34864169582758,20.1105865016757,34.4169484471671,19.8051414571743,44.5969409799972,5.23715282493174,4519.415326977,13.733,-0.79211363763553,79.0138894271643
BGR,Bulgaria,2004,11.7456390264716,6.14713074246267,19.3619048654348,40.9566423668749,20.9507199957922,52.1072623241547,6.5104241389717,4850.11917184577,12.037,-0.754796951273604,93.0639046910296
BGR,Bulgaria,2005,13.7197787160527,5.0388380711191,18.1535654751334,42.5295693164729,25.665167926945,57.1846555575481,7.05634916258309,5231.60538607098,10.083,-0.752977445493645,99.714224874021
BGR,Bulgaria,2006,22.9027065931613,7.26159462769947,18.1469428238521,46.9778773164501,27.4377526468047,64.0695824401991,6.80259262432862,5630.08907245392,8.951,-0.759505915531059,111.0474597566492
BGR,Bulgaria,2007,31.2270329208635,8.40253419005893,16.6883279559759,52.355044143842,28.2888070189046,71.1775345471972,6.65438512368812,6049.05136726418,6.878,-0.735282283991309,123.53257869103919
BGR,Bulgaria,2008,18.8987994198003,12.3487195994021,17.149829991601,52.4776647091195,32.9796238269343,72.2110966729108,6.12955885899744,6465.05231071194,5.609,-0.70192274454598,124.6887613820303
BGR,Bulgaria,2009,7.48977436208207,2.75320223914819,16.7393593873644,42.2188508571578,27.7810120397127,50.4737901978425,-3.34714308501542,6289.04666609216,6.817,-0.644281362547054,92.6926410550003
BGR,Bulgaria,2010,3.63551033232729,2.43899060504117,16.5024398513396,50.0980440473078,22.1822277133818,53.2824743794128,1.55536266288017,6429.04599233108,10.279,-0.658275446635908,103.3805184267206
BGR,Bulgaria,2011,3.64711376075685,4.21990346601872,15.8499839968092,58.7882035798738,20.8392475385511,58.6298978370571,2.09017598337418,6605.64616736859,11.26,-0.641228920515067,117.41810141693091
BGR,Bulgaria,2012,3.29303083433452,2.95456829831012,15.7909652687559,60.3462746841439,21.1224409741849,63.6250486781263,0.748814556346105,6693.76983060797,12.27,-0.579220596364389,123.9713233622702
BGR,Bulgaria,2013,3.56317557891608,0.890093540913096,17.0826046634035,64.5649783748892,21.182526702151,65.1237066289559,-0.542753400392826,6793.08253592745,12.941,-2.01699190933907,129.68868500384508
BGR,Bulgaria,2014,1.91577938000482,-1.4181838026484,16.8330763800351,64.5508065016037,21.0608601504587,65.6975656232676,0.949449772002041,6941.37319825776,11.424,-1.21450935947823,130.2483721248713
BGR,Bulgaria,2015,4.37552708346678,-0.104633261008479,16.0891423720718,63.7864222949735,20.8597785000503,62.9502299937151,3.39755351999294,7269.02586513711,9.143,-1.2711551188344,126.73665228868859
BGR,Bulgaria,2016,2.759819403762,-0.798649886453617,15.5888635959359,63.860933447808,18.4104650796433,58.9445856233192,3.02662820096305,7586.89174668116,7.575,-1.29824041616821,122.80551907112721
BGR,Bulgaria,2017,3.39237322223916,2.06159619443141,15.5845799103963,66.9905235648426,18.3038060671112,62.643910209195,2.74592737750996,7899.11056589871,6.164,-1.32391481752631,129.6344337740376
BGR,Bulgaria,2018,2.73803840992463,2.81454473824838,16.4797936217294,65.9187137701145,18.8299243206579,63.2477884611298,2.33015054210419,8194.79296320014,5.211,-1.3714611289258,129.1665022312443
BGR,Bulgaria,2019,3.24216894514095,3.10372944796771,16.8038894133194,64.300587723502,18.7188384588386,60.9598273515844,3.79331964589196,8626.5750265742,4.148,-1.41171852077109,125.2604150750864
BGR,Bulgaria,2020,3.97413959442467,1.67244096855756,19.325113473238,56.4751259038113,18.9959627554221,53.9487771785214,-3.13323543125917,8440.51416964556,5.037,-1.00293821352921,110.4239030823327
BGR,Bulgaria,2021,2.52871196630769,3.29774435299506,18.8940300089666,61.8496078917309,16.2822581869354,59.3644831208726,7.82817310703665,9161.94541759347,5.166,-0.664652622488209,121.21409101260349
BGR,Bulgaria,2022,5.24634717472155,15.3252589264367,18.2795516295074,69.9794718032462,17.0042274007414,68.8654009670208,4.08386398118941,9598.35828571579,4.148,-0.650676134087796,138.844872770267
BGR,Bulgaria,2023,5.05862477510411,9.44284140088564,18.4562141617699,62.0049746360507,18.7284540045901,57.8945312158656,1.68151075832925,9787.76510584614,4.319,-0.286577641861364,119.8995058519163
BGR,Bulgaria,2024,2.69152439380972,2.44651943006079,19.7573359347068,56.3699636895975,18.3125443566691,53.856354041725,3.38708962009333,10127.4152566236,4.2,-0.0803071609561488,110.2263177313225
BGR,Bulgaria,2025,3.7338455582314,4.58084355235697,20.8235359898362,50.738480678418,20.1322595150941,51.7757828295128,3.0963663917961,10454.1739579477,3.536,-0.126123118551665,102.51426350793079
CYP,Cyprus,1995,2.44773444158473,2.61581787956336,12.4714862570759,66.7632937695315,25.2015448701961,67.6272202950778,8.36246885710111,19453.837890625,2.6,2.11187434623439,134.3905140646093
CYP,Cyprus,1996,2.33471280264574,2.97892486481266,13.2076010815721,70.2076672511647,24.0682870196313,70.6413161934037,1.24854147527125,19385.27734375,3.1,2.01901883303889,140.84898344456838
CYP,Cyprus,1997,5.72402307066318,3.6053444436463,14.8481477434291,69.185609012311,24.5542958176662,70.5773675916753,2.64093066351474,19617.17578125,3.4,1.94374848704265,139.76297660398632
CYP,Cyprus,1998,3.37019212736607,2.22770732654316,16.1052493664581,68.6974814727821,19.6816390333583,66.2122552879049,6.11088294947106,20562.287109375,3.3,1.87410706426377,134.909736760687
CYP,Cyprus,1999,7.74491774842636,1.62999999999997,16.1885658619995,66.9264639996054,21.337606714648,64.2828693446888,4.99795469482918,21349.740234375,5.532,1.80806341864318,131.2093333442942
CYP,Cyprus,2000,8.56085877135346,4.14165764702055,15.2364552886536,69.9628239174311,20.0836358035085,67.532079331125,5.96530445494226,22383.955078125,4.766,1.74925863858297,137.4949032485561
CYP,Cyprus,2001,9.08590170377257,1.97304191729917,16.0963232290957,68.2088550711651,19.0227236079028,63.6402127969492,3.95256258200938,23019.240234375,4.043,1.72198539478757,131.8490678681143
CYP,Cyprus,2002,9.66223830535239,2.80115505180745,16.7886976534048,62.4053067776663,20.947638628419,61.2360253457133,3.72297491128981,23604.177734375,3.336,1.77978522540643,123.6413321233796
CYP,Cyprus,2003,6.24270945639917,4.13906538686852,18.0891177872796,57.7621279453982,20.2861873439701,56.2425050360864,2.62329962315329,23930.7734375,4.153,1.83243139832695,114.0046329814846
CYP,Cyprus,2004,6.459620091748,2.28621706801678,16.7828088035016,56.8898030886863,20.6457343555968,57.0138104005206,5.02627226665527,24799.63671875,4.77,1.8127204878139,113.90361348920689
CYP,Cyprus,2005,6.30362669067508,2.56016132330235,16.7524529076344,55.6921064986712,21.5266894687851,56.2249587732868,4.85298762175586,25631.35546875,5.481,1.77957653069647,111.917065271958
CYP,Cyprus,2006,9.32556556614527,2.30468732978553,17.1893825203549,53.4358108781673,25.0775609714329,56.3706871621756,4.71378358593959,26395.490234375,4.593,1.74760698284514,109.8064980403429
CYP,Cyprus,2007,9.57345612845137,2.37265183669718,16.7546542990593,53.2589801292313,25.5483408894883,58.0161427153915,5.09822614854798,27156.806640625,3.946,1.72029297747734,111.2751228446228
CYP,Cyprus,2008,44.3647557897632,4.66900841902491,17.3628609634952,50.081695822203,27.1833090122118,62.8442350525052,3.64698922103939,27449.212890625,3.756,1.69266521990115,112.9259308747082
CYP,Cyprus,2009,252.66766836908,0.326276652249793,19.1192169870489,48.7222504024133,23.4393429106478,54.0688414967863,-2.01508203683694,26183.673828125,5.594,1.66746501269811,102.7910918991996
CYP,Cyprus,2010,125.272736246416,2.43004084102251,18.7471157245929,50.3345258473469,22.3931532844937,58.5671734221764,2.28267100119788,26090.037109375,6.359,1.64898311615441,108.9016992695233
CYP,Cyprus,2011,151.736913469908,3.2894493956421,19.3608887386673,53.4540858842518,18.9835410036702,57.1630454027873,0.416711868408683,25538.76953125,7.942,1.6424698555703,110.6171312870391
CYP,Cyprus,2012,289.858155745793,2.38905410042326,19.1014564892632,55.2783809408715,15.4617926757181,57.0658923564013,-3.44738151374587,24285.484375,12.097,1.63540837414934,112.34427329727279
CYP,Cyprus,2013,108.090333712845,-0.399357676464425,18.7335653096676,61.2965904312478,14.0795248605542,59.6296102081412,-6.58747751118347,22711.708984375,16.131,1.57480485967812,120.92620063938901
CYP,Cyprus,2014,233.165814267121,-1.35498885446315,17.0727810804208,65.9517048728868,13.3043398828757,64.8926582065034,-1.77605867728616,22373.56640625,16.277,1.50114149056878,130.84436307939018
CYP,Cyprus,2015,137.220747221649,-2.0969976905312,16.6093100075551,70.0173031293258,12.833004711897,67.2591233478671,3.41892038889013,23088.4296875,15.026,1.46213136863434,137.2764264771929
CYP,Cyprus,2016,15.8272346194166,-1.42916666666665,15.487159442376,70.4840522281272,18.0346280830739,68.538046229121,6.57359080924678,24477.974609375,13.006,1.43370522557944,139.0220984572482
CYP,Cyprus,2017,184.054180339924,0.531766496174467,15.0336429268327,73.8364791392389,20.7947375308198,74.1768764188964,5.75083236554525,25665.990234375,11.155,1.377808546931,148.0133555581353
CYP,Cyprus,2018,307.086610313426,1.43549119531759,14.711254825282,74.511134620546,18.5806193226431,73.1124327895079,6.27166360056404,26962.392578125,8.504,1.30393306995205,147.6235674100539
CYP,Cyprus,2019,431.788575910459,0.250370996758493,16.0348841954706,75.7588643662806,18.6839198824146,74.747298763229,5.87559583386607,28167.146484375,7.155,1.24612155650882,150.50616312950962
CYP,Cyprus,2020,-296.013333456363,-0.638422797978861,19.2034035770133,79.647252717685,20.8183845649063,81.0214637422846,-3.22063018637567,26895.671875,7.755,1.20329712567783,160.6687164599696
CYP,Cyprus,2021,21.8171208826836,2.44608867175474,18.7839806304444,90.7578331633624,19.2171328479755,86.0699036565075,11.3975590801512,29517.05859375,7.513,1.1499785451605,176.82773681986993
CYP,Cyprus,2022,0.172623567791445,8.39548297993334,17.9936691019068,104.666076513256,20.365352478474,101.087453739449,8.73854684881674,31505.2109375,6.806,1.06174678712373,205.753530252705
CYP,Cyprus,2023,-63.1546391215421,3.54134188751646,18.4416024400142,96.3899707005315,21.9867256098379,94.3509872559874,3.62045368236082,32022.01953125,5.835,1.0167681770201,190.7409579565189
CYP,Cyprus,2024,-133.824213233455,1.80023018624824,18.4085961733462,97.0202359384563,20.5485340033866,93.3826349823034,3.94076934447787,32757.541015625,4.9,0.984449687113221,190.4028709207597
CYP,Cyprus,2025,27.0778550174763,0.126528851920189,18.4850473125663,97.5738320583018,20.0344829457622,91.9222700471352,3.77325347982725,33526.828125,4.924,0.914028750872649,189.496102105437
CZE,Czechia,1995,4.23883721598216,8.99052361478449,20.2934701674742,39.9284395098007,33.4816504944355,42.9725595627246,6.22140598863832,11453.3800188807,4.082,-0.0613140627238111,82.9009990725253
CZE,Czechia,1996,2.11680269383607,8.75877472878111,19.5707166747439,37.8990370301148,34.1632093780358,42.7005209295452,4.16858426915319,11944.7171474526,3.852,-0.11638129923463,80.59955795965999
CZE,Czechia,1997,2.05707979520759,8.59615666715564,20.2009863687013,40.0180990636206,32.3173712169401,44.1351316041027,-0.595838414214853,11886.3480904927,4.674,-0.107762749274352,84.1532306677233
CZE,Czechia,1998,5.50725202620316,10.6983655274888,19.1670001715168,41.8138083917812,30.8398236143565,42.1248439289515,-0.393150193750415,11850.8396211995,6.455,-0.0947447516571582,83.9386523207327
CZE,Czechia,1999,9.62483232120859,2.1354484441733,20.0282277182962,42.4907873989701,30.0159001444465,42.9663362406413,1.37836060943835,12026.4688076608,8.702,-0.102175934295454,85.4571236396114
CZE,Czechia,2000,8.02095314137193,3.77538829151729,19.6626244947285,47.8222277784723,31.1058465641539,49.6761678543151,4.010669619984,12543.9364342367,8.764,-0.280414108078884,97.4983956327874
CZE,Czechia,2001,8.27868500809023,4.66267556988258,19.6216662152036,48.6218413983162,31.0000794883727,49.9150323317027,2.9172195289956,12958.4667607533,8.128,-0.375719704335905,98.5368737300189
CZE,Czechia,2002,10.2854716819753,1.90298097019027,21.0969189481399,44.7797457982463,29.6344638830734,46.0995257474119,1.51345949139996,13179.9878092741,7.28,-0.192901617564167,90.87927154565821
CZE,Czechia,2003,2.01250274928445,0.118739205526815,22.0968044227069,46.5673230629568,29.2515839879825,48.0795370036041,3.300836832613,13618.9349633164,7.777,-0.028620590719166,94.6468600665609
CZE,Czechia,2004,5.34629831368761,2.76010781671153,20.8347947406824,56.8994781682745,28.5804641980298,56.2744978021405,4.73633969683438,14259.63342798,8.298,0.0304348483027166,113.173975970415
CZE,Czechia,2005,10.0027291342114,1.85709789109228,20.5231697315457,61.7588664473362,28.5248592592412,59.4324208687688,6.37502886086791,15147.7214417611,7.927,0.138325980046718,121.191287316105
CZE,Czechia,2006,4.56488300562003,2.53399258343633,20.1443409705596,64.8869825723489,28.1510781666578,62.164032482667,6.62317299177447,16107.3042502688,7.141,0.270795629232185,127.0510150550159
CZE,Czechia,2007,7.26984053281639,2.8531243721117,19.3477516245405,66.150542351883,29.6665559482128,63.7261971530059,5.48882595164517,16892.542854974,5.316,0.583542205385113,129.87673950488892
CZE,Czechia,2008,3.72734017480649,6.3586638015237,19.3675939254461,63.0342206340259,28.9056718357901,60.870589295922,2.61226807205139,17190.6470333289,4.392,0.829412602993033,123.9048099299479
CZE,Czechia,2009,2.54701925348654,1.0193773532923,20.9109353555502,58.4757844686548,27.1841500644404,54.5734703162206,-4.79832416684926,16272.8084766719,6.662,0.569729451418061,113.0492547848754
CZE,Czechia,2010,4.81502985527419,1.47272727272728,20.5105590148358,64.8915980155479,26.5219620764145,61.8648821012499,2.71466509907701,16665.9317825137,7.281,0.29136167418042,126.7564801167978
CZE,Czechia,2011,1.80994155301699,1.9172191363555,19.7936930986447,70.2506376126123,26.098348006461,66.5002179298254,1.77238085338473,16926.2846674435,6.712,0.206747667335417,136.7508555424377
CZE,Czechia,2012,4.48424380759869,3.28762306610411,19.4568454729596,75.1048104767256,25.3751105408769,70.375384920209,-0.770668190622743,16772.3539223328,6.979,0.139925655740972,145.48019539693462
CZE,Czechia,2013,3.45386726376292,1.4382978723404,19.725109864186,75.5803954463061,24.7753723844816,69.9218351786551,-0.0418124160447491,16759.7808635642,6.953,0.0331699460503076,145.50223062496121
CZE,Czechia,2014,3.83510153423089,0.343988589646794,19.3139501657267,81.3510352122697,24.7408229025596,75.0640876146159,2.24521219862635,17118.0425571578,6.108,0.105277581527518,156.41512282688558
CZE,Czechia,2015,0.898913491904098,0.309364548494975,18.9209239494365,80.0125671431762,25.6764620589865,74.0058338544563,4.95875848915604,17931.5987670768,5.048,0.196588748472653,154.0184009976325
CZE,Czechia,2016,5.47566421423918,0.683504209385703,18.8932135460652,78.108333006403,24.3093476604522,70.4386716580323,2.58087013921376,18359.0978103904,3.952,0.192048415842684,148.5470046644353
CZE,Czechia,2017,5.07066240955503,2.4505339846014,18.6307764072052,77.6844326231276,23.7274064051355,70.066402231634,5.17356529967881,19257.6930680911,2.893,0.265642663548985,147.7508348547616
CZE,Czechia,2018,3.30353998283407,2.14949494949493,19.249976213404,75.6097814865591,24.8456610600914,69.5319364042301,2.83030588267866,19736.6295261285,2.246,0.334427262299794,145.1417178907892
CZE,Czechia,2019,4.18705737619001,2.84787595918041,19.3687276792878,72.1248511386482,25.7720455320028,66.0297588552233,3.56577658128261,20360.0599221814,2.015,0.393788864202175,138.1546099938715
CZE,Czechia,2020,3.39114066226469,3.1612952849781,21.4386037275248,67.7609732344735,25.5353602874792,61.0194570714913,-5.30487955463876,19233.1469549829,2.55,0.243222682211879,128.78043030596479
CZE,Czechia,2021,4.43029524586196,3.83984491500146,20.9062495293492,70.550045142844,26.2369575229222,66.8280711600245,4.02901832055149,20373.8783043424,2.803,-1.81187141002542,137.3781163028685
CZE,Czechia,2022,3.02937517288668,15.1001651468371,19.5953203121986,72.4094281428088,27.6877651111963,71.6020659665878,2.8471706583814,20627.348651011,2.224,1.5709725672011,144.0114941093966
CZE,Czechia,2023,3.4462419046487,10.6612601372427,19.5951514787546,68.4031069284452,27.9408667883867,63.489491367431,0.0475803308973752,20272.5874017334,2.579,1.78238907045946,131.8925982958762
CZE,Czechia,2024,3.8933976290188,2.43531202435314,19.9751233470478,68.8585282145125,26.5024711602825,62.6080799110665,1.25131096245923,20449.1135911311,2.6,0.376553049157494,131.466608125579
CZE,Czechia,2025,2.68622429295406,2.45996367838865,20.0164039954878,66.9450959346234,26.4083991822779,61.0943414396528,2.58046673293437,21011.7675172345,2.825,-0.16657564691038,128.0394373742762
DEU,Germany,1995,0.463719193036007,1.70616041317076,19.6370918928592,21.4815282668309,23.4646539609354,21.1246203807509,1.50499384201356,32007.145402934,8.158,0.293904443716697,42.606148647581804
DEU,Germany,1996,0.262216034922948,1.44972701963239,19.8855104326544,22.2821690795205,22.9329136765255,21.6214170158045,1.0378755674358,32245.8608379557,8.822,0.289474899455448,43.903586095325
DEU,Germany,1997,0.551860657726695,1.93936968221574,19.5504732663,24.7013999735662,22.5726166390468,23.6789210951718,1.85432238398302,32795.7833455165,9.861,0.146313281561803,48.380321068738
DEU,Germany,1998,1.09412180309305,0.911184687196224,19.2703393643902,25.6601609051036,22.700871775346,24.4953048741291,2.09561231172233,33477.9856458764,9.787,0.0151436508552808,50.1554657792327
DEU,Germany,1999,3.88620516447701,0.585434192138622,19.6219502801795,26.0298761818567,22.8334713369664,25.4893512545493,2.12957016297766,34168.8308210083,8.854,0.0646345779052372,51.519227436406
DEU,Germany,2000,12.6085323042305,1.44026838719741,19.4381262736775,29.6806532498145,22.8829484518656,29.5149460477259,2.8765231247659,35104.1308467844,7.917,0.135431600393084,59.1955992975404
DEU,Germany,2001,2.89610853662771,1.98385731334471,19.2505681999335,30.5604113813066,21.5433631059471,28.9988749869052,1.63614170690956,35618.5143698493,7.773,0.168225361337335,59.5592863682118
DEU,Germany,2002,2.43861371432105,1.42080615551526,19.5364673287277,31.1904504893495,19.8867030080599,27.1421182354634,-0.228255715793637,35477.5151544301,8.482,0.168128319406931,58.3325687248129
DEU,Germany,2003,2.5802310174772,1.03422218628562,19.5718512502176,31.2678451095809,19.2638822568625,27.6466991846698,-0.529801394291297,35270.0227284267,9.779,0.0553633035873241,58.9145442942507
DEU,Germany,2004,-0.715503012520614,1.66573696655992,19.0500819872309,33.9352126434777,18.8314639081743,28.9712783030388,1.16208684507278,35687.6378708542,10.727,-0.021709727650009,62.9064909465165
DEU,Germany,2005,2.06799391408494,1.54691114751328,18.9329710067033,35.9531497908166,18.7644203275559,30.9999527026155,0.885485292551564,36024.0947047021,11.193,-0.0567782618352031,66.9531024934321
DEU,Germany,2006,2.87049561649648,1.57742642840563,18.4550198254045,38.9694499171537,19.4624059220668,33.7897435474697,3.86668241523209,37459.261328042,10.277,-0.112797497644931,72.7591934646234
DEU,Germany,2007,1.4594247021417,2.29834400700951,17.9745262015089,40.6368056265783,19.7151702055684,34.2470360551014,2.8891174138025,38593.0749910508,8.732,-0.133718572600486,74.8838416816797
DEU,Germany,2008,0.81284475683707,2.62837981637219,18.3532487795835,40.9488738182043,19.9630399184329,35.1642927763703,0.887902330743628,39009.8477636357,7.508,-0.190142844695674,76.11316659457461
DEU,Germany,2009,1.63004671127687,0.312739007368447,19.9998396131469,35.4545162932994,18.8381977329318,30.6846112824132,-5.54455451920674,36940.4078672661,7.88,-0.253383410163402,66.13912757571259
DEU,Germany,2010,2.48154528887853,1.1038103778926,19.5782446104785,39.4953465429823,19.1861612229759,34.389888577044,4.13463778522758,38526.7371042695,7.043,-0.153198446937304,73.8852351200263
DEU,Germany,2011,2.55089499875415,2.07517283735874,19.0549016895348,41.6436286591115,20.0081182128282,36.7893742423305,3.75796884489337,40722.4849268242,5.967,-1.8537146287573,78.433002901442
DEU,Germany,2012,1.8196411156431,2.00848884782956,19.250307221857,42.6855834357406,19.9663127661399,36.6460661312909,0.463512036709204,40834.5088218456,5.372,0.187727800567293,79.33164956703149
DEU,Germany,2013,1.76515036525359,1.50472330251876,19.6050556780441,41.6802838324356,19.5771468839831,35.9057450252575,0.396995583779145,40884.8926759028,5.316,0.272900214681538,77.5860288576931
DEU,Germany,2014,0.437762571704246,0.906794000434246,19.5519807537017,41.6936675523627,19.782574460457,35.1546840812607,2.18018602168017,41602.4661281668,4.979,0.416877359168292,76.8483516336234
DEU,Germany,2015,1.82239938063641,0.514426137125456,19.6286398253337,42.5853976151835,19.7477510746575,35.1711839535087,1.66300602334775,41929.7549110722,4.612,0.865702643950251,77.75658156869221
DEU,Germany,2016,1.64365840117303,0.491747008445174,19.8387899386895,41.6355419518592,20.0438468833034,34.3704482647463,2.22222216259371,42516.9337063103,4.104,0.807218538573871,76.00599021660551
DEU,Germany,2017,2.88914588414184,1.50949485109628,19.7410226485175,42.2029575981591,20.1339289732412,35.2518818760857,2.797906720551,43543.4807050551,3.781,0.373724559895838,77.4548394742448
DEU,Germany,2018,4.00082875273687,1.73216879766942,19.8170953660859,42.4968914074717,20.8175234345652,36.6283346388937,1.13569604599849,43905.8550061973,3.384,0.300526701992065,79.1252260463654
DEU,Germany,2019,1.9056930139782,1.44565976888253,20.2841166093722,42.3402444816356,21.1522978107472,36.7329982359327,0.977734697038784,44235.2658954682,3.163,0.22551987421288,79.07324271756829
DEU,Germany,2020,4.48523547812751,0.144877925813982,22.2865083229007,39.1198068808828,21.3426763110307,33.8137258311309,-4.13191443239947,42372.8726784255,3.881,0.0816931586494595,72.9335327120137
DEU,Germany,2021,2.93002168676674,3.06666666666673,22.1929805504109,42.5198379291429,21.181504152251,37.3996969318423,3.90999994204108,44011.0194631674,3.594,0.0423270572552137,79.91953486098521
DEU,Germany,2022,1.82269397984058,6.87257438551097,21.7629762946215,45.6284043425185,21.6010467765749,43.1573498705316,1.8092581243061,44817.1316331389,3.137,-0.0219565701848977,88.7857542130501
DEU,Germany,2023,1.99210813981277,5.94643667725823,21.4537922077307,42.9672624196847,21.1916877404125,38.9952859590786,-0.869647578573321,44368.9920074881,3.071,0.131511079477747,81.9625483787633
DEU,Germany,2024,1.33680512940413,2.2564981433876,21.9863385516647,41.4340593720908,20.4603173503166,37.6566712174028,-0.495851897260366,44027.7631554469,3.4,0.274957829184881,79.0907305894936
DEU,Germany,2025,1.88462297077013,2.17178770949721,22.5148381063601,40.4347738545071,20.312556628657,38.0780373654056,0.239578342117881,44146.6409090446,3.711,-0.0303506708320264,78.51281121991269
DNK,Denmark,1995,2.23936020307567,2.08360842382855,24.0750783561526,36.6433305842217,19.4560070015007,31.9299840662634,3.03802150461165,43328.5293418439,6.992,0.520962181078711,68.5733146504851
DNK,Denmark,1996,0.412544985702368,2.12629802275577,24.1277544262897,37.0972755027358,19.5896914546946,31.4292069189282,2.89575069230459,44331.6199637443,6.844,0.565926341934592,68.526482421664
DNK,Denmark,1997,1.61143462898396,2.1821667790712,23.6827316088499,37.8274440412224,20.7948183691866,33.4627319339757,3.16848143784479,45546.5896151864,5.4,0.415564969331455,71.2901759751981
DNK,Denmark,1998,3.77361587089095,1.84565122007883,24.1485067791175,37.2107081900933,21.5345615753645,34.1347093080278,2.32630274538961,46437.1921069175,5.039,0.363162523600756,71.3454174981211
DNK,Denmark,1999,9.4710973726909,2.49779544404529,24.3809361920612,39.3655724189585,20.8924153475453,33.3632842247274,2.96730536257029,47657.1731901716,5.141,0.330886246186545,72.7288566436859
DNK,Denmark,2000,21.9534625057579,2.90328203236461,23.8945498996635,44.8786835833686,21.4595866119596,38.1634023715179,3.72400899471576,49266.9882757886,4.476,0.334233618829261,83.04208595488649
DNK,Denmark,2001,5.63216582111414,2.33787000255263,24.3164556656334,45.5295862400865,21.2637917919829,38.3930783589425,0.95003224600012,49557.1509962227,4.164,0.358315678955486,83.922664599029
DNK,Denmark,2002,2.47818532882922,2.42443661219695,24.8516750807021,45.6653553506862,20.5871139257349,38.8192372031409,0.456530018779986,49624.5965359582,4.274,0.319487125340996,84.4845925538271
DNK,Denmark,2003,0.542449723524164,2.07507820646506,25.0046206344963,43.7731471646248,20.6976456717052,36.9881530117296,0.441091006625101,49708.0909084109,5.398,0.272010444031566,80.76130017635441
DNK,Denmark,2004,-3.49390841296768,1.15435693124934,24.876943106012,43.821544808921,20.6579399200817,38.1861860150935,2.77635180744053,50956.3045398814,5.204,0.258432282052875,82.00773082401449
DNK,Denmark,2005,4.8451921902896,1.81781458291254,24.4753809368542,47.3751212346545,21.1723797337583,42.0236740114126,2.35960882992528,52015.1841169021,4.83,0.275481733409308,89.3987952460671
DNK,Denmark,2006,0.841695783435792,1.92422138464584,24.2117228725999,50.6843661293202,23.2747647050451,46.7454946434639,3.81648769908172,53823.1590295482,3.897,0.328645158919929,97.42986077278411
DNK,Denmark,2007,3.68799602330786,1.69326586220324,24.3255249691694,51.3974872348582,23.4983863063468,48.6501873591805,0.987173815945127,54113.9771471341,3.801,0.443466054321374,100.0476745940387
DNK,Denmark,2008,0.617279543987987,3.41626794258374,25.031972361996,53.9709187280921,22.9393877468768,50.4993914403968,-0.417178439991005,53572.5346568185,3.683,0.587547590258978,104.47031016848891
DNK,Denmark,2009,1.17142791849018,1.30470991024336,27.8623234636654,46.9989097546293,20.1024313779465,42.3959469016436,-4.97447905669058,50635.9118061988,6.409,0.535079062079429,89.3948566562729
DNK,Denmark,2010,-3.56794135328115,2.31092436974786,27.3801394885136,50.5907805356338,17.9939144621449,43.7969476962718,1.58289703108802,51209.4492757775,7.746,0.444197154509531,94.3877282319056
DNK,Denmark,2011,3.93792637361731,2.7586822605125,26.5845819349879,54.0836272472402,18.1475309529928,47.929303227068,1.3108037609606,51667.5313210425,7.769,0.411737855195019,102.0129304743082
DNK,Denmark,2012,-5.00312031968255,2.3979148566464,26.5628010069545,55.0808426058575,18.7986435638088,49.2814378993139,-0.0054323016167074,51470.689845427,7.798,0.376272242619955,104.3622805051714
DNK,Denmark,2013,0.197410828523168,0.789071780078062,26.0034653581423,54.9209092360852,18.8065381186482,48.6919040131042,1.39267343161971,51970.3909324806,7.384,0.416901360752097,103.6128132491894
DNK,Denmark,2014,1.86415567840611,0.56402054044954,25.8911174111576,54.8334037514843,19.334256991948,48.3774554736546,1.27799983192831,52368.3625969272,6.925,0.507053283010163,103.2108592251389
DNK,Denmark,2015,0.61075067778712,0.452034153691575,25.6262547141678,55.8143215733858,19.8029126025869,49.3160408805133,2.10441456445301,53094.0133607574,6.278,0.706423849687002,105.1303624538991
DNK,Denmark,2016,2.49983169836595,0.250000000000031,25.0237383032028,53.7439528985173,20.9848820610106,47.7088309101261,3.07304549209093,54300.2039621991,5.989,0.780392644135167,101.4527838086434
DNK,Denmark,2017,1.08780490285886,1.14713216957602,24.5289323246201,55.3459515613736,21.2303828701723,48.869725359068,3.05647723922718,55601.0145717787,5.833,0.643350903737356,104.21567692044161
DNK,Denmark,2018,2.46670057625106,0.813609467455631,24.4557315261934,56.9833683807386,21.7629454283236,51.8306171211701,1.8600074900921,56355.0733084714,5.131,0.495838925879129,108.81398550190869
DNK,Denmark,2019,-1.10067098319484,0.75813157251162,24.2750272055161,58.9506079167167,21.3534089903591,52.9408671489359,1.71140093932736,57114.6227336347,5.018,0.358130915892652,111.8914750656526
DNK,Denmark,2020,0.363874538682217,0.420711974110025,24.7615954646637,55.0368973244514,22.1844244807288,49.3965353466999,-1.78010601831291,55934.5555945523,5.644,0.291641177476633,104.43343267115131
DNK,Denmark,2021,4.18538817542322,1.85304543989689,24.0299963077054,59.2073478715957,23.206237827405,53.114124825695,6.50025445756295,59312.8158043771,5.065,0.433414489409722,112.3214726972907
DNK,Denmark,2022,6.9048667972729,7.6965669988926,22.056140655887,70.7552148776405,23.0897420855077,61.2406100314303,0.443832614908331,59108.7449374068,4.434,0.787502464739957,131.9958249090708
DNK,Denmark,2023,2.0346382929142,3.30517811237606,22.8417159136425,69.3143620591443,23.5305356705048,60.3109753721333,0.604587766175584,59026.9843650999,5.094,0.741185515720057,129.62533743127761
DNK,Denmark,2024,4.29658848924698,1.37220049768926,22.964876852476,71.0020132043046,23.3320384051141,60.7630177709021,3.47783593140312,60772.8624276041,5.358,0.503861198167737,131.7650309752067
DNK,Denmark,2025,,1.89367372703044,23.2175760812324,70.117072547021,21.8499948975285,59.1052317850969,2.92843280014236,62217.6077931564,5.529,0.536903805914283,129.2223043321179
ESP,Spain,1995,1.34842263683776,4.67380337624701,17.574887183086,21.866166658338,21.8968015834563,22.9644613141731,2.75749400293542,20217.9031940372,22.675,0.441365749537872,44.830627972511095
ESP,Spain,1996,1.52609695036777,3.55884559338561,17.4379174796399,23.0731000969432,21.6960564152279,23.2246505749101,2.60741117110229,20658.8402775701,22.142,0.416515798212804,46.2977506718533
ESP,Spain,1997,1.59963097299184,1.97107395582926,16.9493093063004,25.7160804746315,22.1386166086352,25.5110593848211,3.58729972356299,21310.4311888986,20.698,0.41911951720212,51.2271398594526
ESP,Spain,1998,2.53981875835882,1.83432999908414,16.7874159180213,26.1498778707572,23.283395642947,26.5804352013017,4.30197745333581,22135.4045018802,18.673,0.413847481113965,52.730313072058905
ESP,Spain,1999,3.12218385015752,2.31034813987063,16.7254662809412,26.389770883103,24.7406937010493,28.3071423051465,4.40886545305924,23017.838771323,15.475,0.405323025522848,54.696913188249496
ESP,Spain,2000,6.808785945464,3.43351563418764,16.6339031053062,28.5889225704133,25.9726762707912,31.5327015345083,5.20064125553942,24106.8818529374,13.785,0.447137014535835,60.121624104921594
ESP,Spain,2001,4.62197940241983,3.58983413338117,16.4748815192922,27.8768485415674,25.9006959047475,30.1370410210027,3.91908880808811,24878.3784543991,10.348,0.694068084334464,58.0138895625701
ESP,Spain,2002,5.54556177892168,3.06565685902211,16.5507159777204,26.5642672698948,26.1773351970806,28.5378742610811,2.75545611564098,25205.3154769045,11.146,1.41259540475782,55.1021415309759
ESP,Spain,2003,3.41488423629312,3.03888839396661,16.7052248521521,25.6155917093049,27.1239081928981,27.8201980109209,2.9392895953076,25481.1653690112,11.283,1.80845446818345,53.4357897202258
ESP,Spain,2004,2.39691740423512,3.03924881090924,17.0898740667791,25.3882582473993,27.8253003573011,29.0912600182081,3.1145314799161,25825.3106463315,11.09,1.7254663034483,54.479518265607396
ESP,Spain,2005,2.44941913037175,3.36881409750383,17.244069206419,24.940578932511,29.0284035934931,29.7585877718662,3.5512255846125,26294.447384391,9.146,1.68934904712031,54.6991667043772
ESP,Spain,2006,2.80982337619077,3.51557576832123,17.2695666364172,25.183486968843,30.0454936237283,30.9004394134785,4.04343515605099,26899.0921497113,8.452,1.69035255626114,56.0839263823215
ESP,Spain,2007,4.7599135539395,2.7867974580495,17.6057337957442,25.9230971257706,29.8758005495847,31.703851639984,3.53350013165972,27338.79541774,8.232,1.85108130845179,57.6269487657546
ESP,Spain,2008,4.36076294618522,4.0753433595734,18.7224028075424,25.5478087649402,27.8566240453349,30.280322752312,0.767165748290694,27112.526293889,11.254,1.59533049906372,55.8281315172522
ESP,Spain,2009,0.505306851587762,-0.287813083535241,20.5244224084101,22.9853959496361,23.1621916327272,23.8512940474748,-3.76813306940053,25860.8142592652,17.857,0.88573598057307,46.836689997110895
ESP,Spain,2010,2.51885825626411,1.79986457728769,20.4847072585399,25.8278133398939,21.8742137780893,26.865556633508,0.0941223116369514,25766.2515825743,19.86,0.460408305051304,52.6933699734019
ESP,Spain,2011,1.73938048405349,3.19610188833792,20.4910685044307,29.3884101095734,20.1470024048134,29.1234127763898,-0.639920636520344,25510.5579678829,21.39,0.355338396471428,58.5118228859632
ESP,Spain,2012,1.44631700014204,2.44612782366809,19.7870775432351,31.2997362842724,18.7105922599627,29.2542984119139,-2.86511368637748,24763.568274484,24.789,0.0649259625617232,60.5540346961863
ESP,Spain,2013,3.4608559063245,1.40858109183009,19.746561211795,32.7554570166099,17.5983666974763,28.9133156275228,-1.42732224757626,24498.5559507945,26.094,-0.361668780017733,61.6687726441327
ESP,Spain,2014,2.31642230011085,-0.151114837527235,19.4816107431645,33.2193399291014,18.0299514220621,30.1799222098486,1.52048593647231,24947.8512505913,24.441,-0.308309722343882,63.39926213895
ESP,Spain,2015,1.97131692755332,-0.500365709903243,19.2544098492152,33.2986849561039,18.298942519262,30.2833562687193,4.06086672473866,25982.4416197775,22.057,-0.0827492378541321,63.5820412248232
ESP,Spain,2016,3.61722479660389,-0.202598000426358,18.8652026283942,33.5770329849408,18.1917189018021,29.6116448657886,2.91515598595787,26719.2442268615,19.635,0.0771658726133905,63.1886778507294
ESP,Spain,2017,2.54039212306223,1.95607633363954,18.4438951679624,34.9003952055684,18.9061933772299,31.2670509322886,2.89604207865007,27426.281015093,17.224,0.243134086570712,66.167446137857
ESP,Spain,2018,4.46748509754483,1.67498136863799,18.4506663499071,34.874813986254,19.6739026426325,32.1345964120382,2.39541124478878,27956.7225466484,15.255,0.451573724507016,67.0094103982922
ESP,Spain,2019,2.16052375036307,0.699518994458648,18.6747333912946,34.6755629292261,20.305014716322,31.6906621148431,1.96117850841711,28301.4393949563,14.104,0.716697775475724,66.36622504406921
ESP,Spain,2020,2.92165980781023,-0.322753017299649,21.745479599084,30.4810248544563,20.6159328524088,28.9651031602513,-10.9400706350371,25077.019882928,15.532,0.510010189620998,59.4461280147076
ESP,Spain,2021,4.42272902452136,3.09313511976402,20.9993087673233,33.7570843255301,20.199534753463,32.7675046176609,6.68314420473001,26705.3629138959,14.914,0.178046695121711,66.52458894319099
ESP,Spain,2022,4.65609043363165,8.39057634118637,20.0463999686015,39.6716824276836,20.4882317498181,38.7940514426218,6.37031712129601,28203.1093419474,13.033,0.718854879160094,78.4657338703054
ESP,Spain,2023,2.89981565316893,3.53236133492433,19.6235580977205,37.8166476493913,20.4658153069816,33.9809889561819,2.46085796805582,28558.6319817501,12.179,1.17836618688432,71.7976366055732
ESP,Spain,2024,2.47896679493344,2.747147886618,19.3059153374772,37.0558792721708,20.2878325064447,32.8943819660923,3.45525405630191,29245.2192451729,11.4,1.02121260938381,69.9502612382631
ESP,Spain,2025,1.47335515487964,2.699932857627,19.2021821388944,36.6374813887545,20.6085758722391,32.8133446186236,2.82495400578509,29762.9000560093,10.376,1.03113431966787,69.45082600737811
EST,Estonia,1995,4.592689682119,28.7766137208514,24.5714517349853,65.9013474101197,26.5046102966203,73.1861262675433,4.52668338927012,7170.94607721168,9.659,-1.78539953576165,139.087473677663
EST,Estonia,1996,3.46531703682218,23.050343349517,22.6162441541643,61.2792495590997,27.0301388326535,71.6981931917923,4.94301226131752,7637.25708286963,9.915,-1.47536463752721,132.977442750892
EST,Estonia,1997,5.31678787173078,10.5818789322146,20.4062670429621,70.3823658944387,28.5961825514181,80.6689784959639,13.0500207047869,8732.99085657194,10.369,-1.14091924023266,151.05134439040262
EST,Estonia,1998,10.4966423724993,8.20833333333298,20.6976037907385,73.6343458033252,31.3368027133393,83.203890024196,4.33982761193587,9199.93534127632,9.51,-0.960559004588775,156.8382358275212
EST,Estonia,1999,5.66089553450958,3.29611089718909,21.9265522595976,69.866107922999,25.9049931087952,74.2503456699339,-0.425025372086623,9133.89593384355,11.573,0.294482275915173,144.1164535929329
EST,Estonia,2000,7.31923766598521,4.01848952508763,19.5619806388734,61.6273943170743,26.6871960393056,64.8682320515843,10.0876385800462,10006.7696280939,13.36,0.483707161729931,126.4956263686586
EST,Estonia,2001,9.48590177311271,5.74827981651373,18.5720982412359,61.2953889786181,27.4503342036995,65.2512510886738,5.88074589534277,10662.9455020331,13.134,-0.63696312445507,126.54664006729189
EST,Estonia,2002,4.58926418891502,3.57191270164027,18.200360492257,57.939021497648,30.5528178409929,65.3433238899221,6.93300082616575,11474.6622721923,10.026,-0.633433796423808,123.2823453875701
EST,Estonia,2003,10.5121715393056,1.33499116549955,17.8683580906336,57.1473420929668,32.7509545585868,65.5974307148297,7.59630181032645,12424.0441535693,11.288,-0.627622448059203,122.7447728077965
EST,Estonia,2004,8.94665953048459,3.04811107523416,17.392855488542,61.065845203172,31.7144972621122,68.8836548744895,6.80070110758655,13348.5284463324,10.248,-0.597820510395586,129.9495000776615
EST,Estonia,2005,21.6702241581922,4.07971423199849,16.871303912179,65.4224930152567,32.8564369726627,70.49029909985,9.52305386462066,14703.6179707772,8.033,-0.572255524659659,135.9127921151067
EST,Estonia,2006,10.3265683442585,4.43762042389213,15.8488332945378,63.2563546690877,36.7942378998764,73.3643829935577,9.76257131206653,16234.5152041417,5.915,-0.589655559840225,136.6207376626454
EST,Estonia,2007,13.5105132723156,6.60132603055637,15.90421336503,62.595408910398,36.3905723897513,71.3854203253559,7.57091879311882,17543.4661785723,4.592,-0.456188535090031,133.9808292357539
EST,Estonia,2008,8.12253971916627,10.3623580313683,18.441635384052,66.3888247384518,31.129010654241,70.2931634193843,-5.12531154308803,16688.997772178,5.455,-0.268133719541207,136.6819881578361
EST,Estonia,2009,9.50544171137007,-0.0784083112809768,20.5381381495275,60.8614218164008,22.6771447061682,55.8976580434008,-14.6302225427906,14274.8511086787,13.548,-0.192768077420229,116.7590798598016
EST,Estonia,2010,13.2770330129027,2.97204512015694,19.5661496729768,75.0459409001608,21.2332633688528,68.6258213568171,2.4497502063999,14657.939813612,16.707,-0.22805796852935,143.6717622569779
EST,Estonia,2011,4.80240449251588,4.9819013145361,18.2999173867033,86.2696175221184,26.3556426267409,80.4764549117819,7.60697458913162,15820.922342204,12.328,-0.303582823643979,166.74607243390028
EST,Estonia,2012,7.6916567949516,3.93339987296985,18.0299635768197,85.3980903719718,28.4404236317146,83.7579774018928,3.67201872506541,16460.6843479001,10.021,-0.357944411443807,169.1560677738646
EST,Estonia,2013,4.31393930629533,2.78056658954988,18.4065985532398,83.4541106351012,27.5327683520592,81.1475215218144,1.75649379621869,16809.5326683781,8.631,-0.355891802625531,164.6016321569156
EST,Estonia,2014,6.58511618123403,-0.10617514652171,18.4472968606836,80.5897352297357,25.3427695160167,77.3642096124932,3.32278988182702,17413.6867560212,7.352,-0.262256175097854,157.9539448422289
EST,Estonia,2015,-3.06910519292015,-0.49232600654737,19.2340779553075,76.0344602333505,24.0517427038414,72.4726968902071,1.83815262882932,17722.1557669523,6.412,0.0655525295417938,148.5071571235576
EST,Estonia,2016,3.7692325610639,0.148684907627373,19.3440530490863,75.4768621637455,23.9449043102923,72.2693705459549,3.09301920751959,18264.9873304279,6.882,0.0291122255540077,147.7462327097004
EST,Estonia,2017,6.31892721219604,3.41723549488054,18.8879154605223,74.3055583828982,25.4039470690204,70.3300925612348,5.63467248963991,19270.8141210511,5.807,0.121070631466687,144.635650944133
EST,Estonia,2018,4.08015832167199,3.43632688420446,18.7760888753329,72.9004951572088,26.5760517476199,70.5847297075262,3.69969756161726,19914.3454922878,5.412,0.348039137980543,143.485224864735
EST,Estonia,2019,9.76819364646981,2.27725931243522,19.1166337332142,72.0191543549198,26.6153386918257,68.3329936436289,3.72664943466884,20579.8756732376,4.514,0.371554389037477,140.3521479985487
EST,Estonia,2020,12.0147752855703,-0.44453109767983,20.6160142852174,68.1545534058676,31.1753648845812,69.2380878779785,-2.88380751483778,19946.945696898,6.956,0.197559185177642,137.3926412838461
EST,Estonia,2021,20.2291128645653,4.65316673847473,19.9212591691056,79.6159088233408,29.9821389244433,80.8560134825861,8.25488044580031,21570.6658455268,6.178,0.105996956310127,160.4719223059269
EST,Estonia,2022,4.52988372813183,19.3982634080616,19.1559405631707,87.4299380839503,25.1608257827686,88.2571814212899,-1.22616966587796,21023.2994937246,5.571,1.33655151148286,175.68711950524022
EST,Estonia,2023,12.540812828973,9.15922507983982,20.3186991301818,77.7746597010983,25.4086839463969,76.8179574100507,-2.74421914571231,20126.3730486957,6.378,1.57745133607335,154.592617111149
EST,Estonia,2024,-7.97097840452121,3.5194118998392,21.0371357535322,75.6694833213142,23.8965498272625,75.3682190891409,-0.0900428648493801,20078.1397620993,7.6,0.149856351926424,151.0377024104551
EST,Estonia,2025,-1.78224185932094,4.82920753628342,21.4566586709904,78.3623550209044,24.2245805393396,77.397561624675,0.584308464789387,20282.1530371991,8.313,-0.428360939161402,155.7599166455794
FIN,Finland,1995,1.08213150468094,0.79123940693846,21.9158185548581,35.7994596461292,19.2973368273508,28.3360757307981,4.23436710187066,29890.5243289925,17.005,0.381655333457214,64.1355353769273
FIN,Finland,1996,0.570466106660747,0.629194238121054,22.1824529060474,36.3572178040146,20.524235857105,29.4331074654089,3.66265716987186,30883.8347237846,15.572,0.328037913627481,65.7903252694235
FIN,Finland,1997,1.93443153560282,1.19255883425843,21.3201040049113,37.7920624029468,21.3697591275144,30.4557437434546,6.39770068404337,32762.1179107575,14.967,0.297377330426395,68.2478061464014
FIN,Finland,1998,9.34012543041459,1.39947378579837,20.5819099733457,37.4521510242379,22.2177014223912,29.5389060956066,5.45427021765444,34457.4555939742,13.214,0.265472962436301,66.9910571198445
FIN,Finland,1999,5.76613954282465,1.16223155669441,20.2651156925793,37.6126978122439,22.4489313410252,28.6417943383141,4.38928070374669,35886.4949080548,11.693,0.232116249119004,66.25449215055801
FIN,Finland,2000,10.7186649142355,3.04210080667792,19.7468948425791,42.0483040781312,23.0668836977402,32.8772747936005,5.75373770498848,37872.6020343504,11.134,0.2076065154133,74.9255788717317
FIN,Finland,2001,2.48974555634762,2.57844080098903,19.9249030170178,39.7682089438709,22.8776112797605,30.5159287201012,2.64026205699308,38784.1308115726,10.29,0.227687341886374,70.2841376639721
FIN,Finland,2002,5.76697056308707,1.5712201278938,20.6096739423336,39.1471301535974,21.6087308003234,30.1738075990299,1.68732644358099,39343.0698997627,10.423,0.242381050233372,69.3209377526273
FIN,Finland,2003,3.47606211936874,0.877440386254729,21.0850679568135,37.3294488313537,21.7883649498398,30.7420541281622,2.01179992738312,40038.9839702277,10.469,0.238457240068217,68.0715029595159
FIN,Finland,2004,3.43216639798219,0.187120559084474,21.1816732917142,38.6195122873108,22.2601596310972,32.3482906117512,4.00537952277651,41521.962874476,10.358,0.290350361518584,70.96780289906201
FIN,Finland,2005,5.30500837470056,0.623874450025224,21.4069692589849,40.2785031518346,22.9209429997692,36.3104708925947,2.77730918518017,42529.3506920884,9.602,0.342248594286999,76.5889740444293
FIN,Finland,2006,2.1374386449528,1.56666380704379,21.3090286415097,43.0831708713938,22.7685828498042,38.9173960581045,4.01957326515895,44069.3958834717,8.935,0.383777136305104,82.00056692949829
FIN,Finland,2007,8.57406338234925,2.5106656524034,20.7651061964407,43.8289523626236,24.1971784303348,39.0342084582939,5.31280176694145,46213.6898975737,6.854,0.425429832100631,82.8631608209175
FIN,Finland,2008,6.7927004343529,4.06595355358383,21.5636309349148,44.9027814242251,24.4953745888094,41.2868784523276,0.784431235717051,46359.8732844055,6.369,0.465549284507694,86.1896598765527
FIN,Finland,2009,-3.48204515637954,-9.17360424903996e-07,24.0663603598646,36.0833081134619,22.9565025999395,34.0446254161279,-8.07603116552393,42412.5133513534,8.249,0.478246393482911,70.1279335295898
FIN,Finland,2010,4.89959763196754,1.18413523154651,23.6974280748564,38.4130493709706,22.8209857186136,37.0481591521523,3.1682879121621,43556.5385834368,8.394,0.457494535465831,75.4612085231229
FIN,Finland,2011,-2.18405747554129,3.4168075425521,23.4297133894918,38.9673926791632,22.9086033745668,39.7485517694974,2.39039455396828,44391.4535667984,7.781,0.463558707499131,78.7159444486606
FIN,Finland,2012,1.91512248449208,2.80833622561574,24.2072483007117,38.9349130144028,23.3149347732785,40.4954635738454,-1.52284013040689,43507.9345371578,7.689,0.475809486683209,79.43037658824821
FIN,Finland,2013,-1.83489440736896,1.4782861568881,24.6706339651199,38.250195334575,22.3315331429947,39.2349764369991,-0.979741024949618,42883.6384986417,8.193,0.460723772785295,77.4851717715741
FIN,Finland,2014,6.41537482088507,1.0411962117843,24.6877656602949,36.8060042262758,21.7167423672002,37.8217677491438,-0.4780684247837,42502.4880199858,8.663,0.413560207519414,74.6277719754196
FIN,Finland,2015,7.53800542922806,-0.207928839905177,24.5699170282408,35.7815711349623,21.4199398645048,36.1802542437391,0.466503766322674,42560.3456767103,9.376,0.329383885818507,71.9618253787014
FIN,Finland,2016,2.18951964860612,0.356684500891695,23.9026131459273,35.3333302428645,23.0524251681601,36.3888798750214,2.57193414898754,43529.6761616969,8.818,0.287421401687637,71.72221011788591
FIN,Finland,2017,6.66136555422276,0.754015047084438,22.9709042037151,38.1663150961701,23.6891760789654,37.772467134834,3.30337003591039,44862.220404205,8.64,0.234670531705453,75.9387822310041
FIN,Finland,2018,-3.84456657280518,1.08382098409296,23.0853151074794,39.1492205860158,24.5932601711908,39.9943942562687,1.19297759742292,45337.2409550575,7.361,0.132641040791912,79.1436148422845
FIN,Finland,2019,6.09707710249334,1.02409392963431,23.479988931653,40.6183181143561,24.4207984303071,39.9458321803805,1.34973845741737,45898.5708448954,6.695,0.110191690491055,80.5641502947366
FIN,Finland,2020,-0.939114055968044,0.290554555653239,24.4378921006654,36.2143434283611,24.6561782162302,35.9702521712277,-2.49103605535707,44690.9801103074,7.759,0.143641197212847,72.18459559958879
FIN,Finland,2021,8.01406291677223,2.19457432339998,24.8058400733225,39.9217732469328,24.4207361193742,39.8675049444453,2.67634641498897,45792.0454180872,7.617,0.207288594407348,79.7892781913781
FIN,Finland,2022,4.66691154081507,7.12350773301412,24.167433821181,46.2847802806846,24.6641741973059,48.2777537715821,0.763041912763526,46016.1492103929,6.719,0.271944526506117,94.5625340522667
FIN,Finland,2023,-0.0388895700301826,6.25064322154763,25.6881742092636,42.7684474643322,23.3984725554477,42.7457372575594,-1.28973484453397,45196.4814400136,7.149,0.499192375381062,85.5141847218916
FIN,Finland,2024,2.9263489451501,1.56568906231616,26.0988503331606,41.9032366762925,22.0530955495248,41.5477928788049,0.374566568538427,45075.1684940688,8.4,0.642640054363343,83.45102955509739
FIN,Finland,2025,-0.090167862928476,0.337874659400574,26.0676480022811,42.3266920911003,21.834123391667,41.0692518801012,0.173444509584499,44941.2341102195,9.461,0.470872218110853,83.39594397120149
FRA,France,1995,1.48796470785062,1.79648142095589,23.46371205066,23.6896549224157,19.7468961999087,21.7420067714481,2.30479278392259,29379.6158424052,11.834,0.364159563395629,45.4316616938638
FRA,France,1996,1.37419707227678,1.98288365089739,23.7415432258114,24.123002754589,19.4613166260042,21.9894774043751,1.39707987198881,29683.7786067651,12.367,0.357448008376034,46.112480158964104
FRA,France,1997,1.59017858585611,1.20394294026964,23.6993641470231,26.6303250476944,18.9622191489104,23.1731284270416,2.5270616339357,30325.522871824,12.566,0.356761847855923,49.803453474736
FRA,France,1998,1.97196226741527,0.651126867833073,22.882743269493,27.2527671033937,19.3445588173251,24.1686656996833,3.45259434279616,31256.5073830655,12.074,0.37054023067343,51.421432803076996
FRA,France,1999,3.09171602103703,0.537141639134596,22.8751429955818,27.2069773242695,20.1747054792753,24.4636841396038,3.39930808809441,32152.7207478734,11.981,0.515860143523548,51.6706614638733
FRA,France,2000,3.04117027418415,1.67595988720928,22.5671731170038,29.7580489893129,20.8814379037151,28.0279980425069,4.14099996402915,33255.1379642335,10.218,0.686335719566776,57.786047031819805
FRA,France,2001,3.65899790543177,1.63478079549599,22.3707737987828,29.4306035099419,20.8602882389306,27.4626293461303,1.89946701186636,33640.6738002565,8.61,0.7289939490983,56.8932328560722
FRA,France,2002,3.45413596292302,1.92341228727064,22.9264417640312,28.7307017592768,20.3363313536887,26.4018230910334,1.06775027069419,33753.5782979758,8.702,0.727033002641047,55.132524850310205
FRA,France,2003,2.30782482603352,2.09847219146919,23.3944403323453,27.1369676673944,20.4989506339345,25.4619146196714,0.967827182558352,33840.6175720101,8.306,0.705638836747311,52.598882287065805
FRA,France,2004,1.68777447237363,2.14208964640239,23.2485826224361,27.5381038597962,20.8372793779546,26.2116609694066,2.86825052501032,34557.1471111581,8.914,0.732625502527391,53.7497648292028
FRA,France,2005,3.8837306583925,1.74586936380487,23.2676164215078,28.1635565257399,21.2552645424979,27.65927959839,1.88856584109286,34946.0372494703,8.882,0.751885116821619,55.8228361241299
FRA,France,2006,3.40646118259263,1.67512449608726,22.9243083284869,28.9278484836141,21.8977868505057,28.9414290456532,2.71406448755236,35645.4162427116,8.832,0.696338574828463,57.8692775292673
FRA,France,2007,3.15449449926763,1.4879980595386,22.6031042332269,28.8585344688926,22.5857089020594,29.2940266620733,2.53048188351066,36322.1685141004,8.008,0.618225682593305,58.1525611309659
FRA,France,2008,2.32326700027606,2.81286194914785,22.7021994023416,29.1990596782502,22.9330135074895,29.9807331629246,0.380171435849121,36257.3658930938,7.386,0.558020613148126,59.1797928411748
FRA,France,2009,0.682311492843145,0.0876204781574653,24.3002289135229,25.8809482311608,21.4495235712121,26.3181640716005,-2.82455153714783,35052.8510772683,9.122,0.513351013325229,52.1991123027613
FRA,France,2010,1.46961673029144,1.53112270420919,24.1680736361072,27.8264880915553,21.4821676799635,28.7610671562408,2.00032476039051,35578.1968010183,9.279,0.492976371032656,56.587555247796104
FRA,France,2011,1.54005293306163,2.11159795175,23.9675950446463,29.538847336075,21.6992927837053,31.0667881455656,2.43757653729007,36269.9561530888,9.228,0.482667411007127,60.605635481640604
FRA,France,2012,1.22790071519382,1.9541953161351,24.221669371356,30.3556786527444,21.6559249264002,31.3032784243658,0.183835264973013,36161.2918253465,9.841,0.483714919435185,61.6589570771102
FRA,France,2013,1.18823404938295,0.863715497861804,24.3749917171768,30.5912853427773,21.2695637926893,31.2279485306189,0.781756446231,36256.086680981,9.913,0.516915013016667,61.8192338733962
FRA,France,2014,0.176974174772525,0.50775882293799,24.3650803342345,30.741812901515,20.9583861621479,31.4574540364356,0.997832947295251,36444.3949089146,10.273,0.474847846171767,62.1992669379506
FRA,France,2015,1.76596182973896,0.0375143805125182,24.0699697865215,31.6934947262689,20.5598696757557,31.8111924693795,1.06675474783462,36702.4323733379,10.354,0.355569240058298,63.5046871956484
FRA,France,2016,1.44200321416196,0.183334861123765,24.1199645562687,31.498210070063,20.9212601092418,31.8445463682721,0.860031075424033,36920.5342846914,10.057,0.263868788565368,63.3427564383351
FRA,France,2017,1.68928072199317,1.03228275064681,24.1919805138631,32.311834044929,21.4204336075644,33.0840141110421,2.08361485997399,37580.5979329356,9.409,0.29020211635109,65.3958481559711
FRA,France,2018,2.78594184568695,1.85081508315493,23.8446408341,32.9179818922164,21.8753900672966,33.8842788890102,1.64590872395887,38062.4435961412,9.018,0.358494581816163,66.80226078122661
FRA,France,2019,1.96486943301562,1.10825492288294,23.5183661191968,32.8895429451147,22.4160955392444,33.5394177830602,2.02744646419237,38705.2072940618,8.415,0.332559129027963,66.4289607281749
FRA,France,2020,0.731471704018579,0.476498852725065,25.3398365561446,28.5572228192655,22.4362308511816,30.2816679047993,-7.44064589948231,35709.2045925926,8.009,0.324557781035362,58.8388907240648
FRA,France,2021,3.30405312221271,1.64233141038394,24.9318498691222,31.2880499332105,23.4832287343303,32.5004326976615,6.88233783360239,38030.8571685178,7.871,0.356902332389048,63.788482630872004
FRA,France,2022,4.0180319137717,5.22236748369725,24.6248865673257,36.6160484268785,23.4857708214613,39.3469593713211,2.71676264185913,38868.3303330557,7.303,0.502320929337976,75.9630077981996
FRA,France,2023,0.590645170561014,4.8783572650844,24.1335073268869,34.4562568778842,22.8344674932245,36.1698881831383,1.43921494437743,39319.4152227295,7.335,0.275093143443794,70.6261450610225
FRA,France,2024,1.64700185498585,1.99904942291463,24.1796131435876,33.8897542343832,22.096846539157,34.2184333099912,1.19046798275883,39683.3953489029,7.4,0.261995241898747,68.1081875443744
FRA,France,2025,2.16930740558009,0.943770212469976,24.362352052313,33.3928225145364,22.0193072027382,33.7995547693485,0.840949955479587,39918.8850568745,7.542,0.245766211891762,67.1923772838849
GRC,Greece,1995,0.780146702751379,8.93451415961517,18.0441747147519,14.3698138940673,20.9666910176002,21.7558214495402,2.09971953235275,15857.4161930856,10.116,0.467197289199787,36.1256353436075
GRC,Greece,1996,0.742440592629103,8.19455217632728,18.0223153618964,14.3133826805479,22.1084202126939,22.5075465825416,1.38247057325857,16005.9511569711,10.402,0.44067053086068,36.820929263089496
GRC,Greece,1997,0.709107072596583,5.5360026677348,18.2430138520099,16.3703291341876,21.5899391374926,23.0682195187208,3.60288326516122,16501.0316491318,10.472,0.493267144825827,39.438548652908395
GRC,Greece,1998,0.050998184830191,4.76622572397641,18.1011539284347,16.4859160819922,24.5135902861657,26.0039798757566,3.43693579661333,16973.8293714071,12.227,0.554211902922578,42.4898959577488
GRC,Greece,1999,0.0603079297166702,2.6366330602198,18.6953963589017,19.4159179149726,25.3860319397874,28.7601191111593,2.65878562321184,17358.4346978294,12.138,0.383471311618576,48.1760370261319
GRC,Greece,2000,-0.0065167449554775,3.1511816249383,18.9415218821818,24.0112579525333,25.9373547837658,35.1013997962753,4.13782699405849,18002.9064613985,11.345,0.409041838238246,59.1126577488086
GRC,Greece,2001,0.0015155315166,3.37396832213867,19.3185326264761,23.1597595757815,25.5981996968449,33.6978743793252,4.65041459442163,18742.4235780691,10.764,0.51988446396193,56.8576339551067
GRC,Greece,2002,0.0227485404811931,3.62935871878874,19.7794565008636,20.3831024226226,23.875854552048,29.6702347678407,4.68313727063017,19548.3677447396,10.346,0.366566462148184,50.053337190463296
GRC,Greece,2003,0.71501703822218,3.53065027765552,19.4823529814517,18.8734923843085,24.8780068243839,29.0208197707737,5.79682274294369,20632.2557041942,9.839,0.238643175320258,47.8943121550822
GRC,Greece,2004,0.914091172780157,2.8988481075817,19.6437154720992,20.6093109136223,25.0449225325719,29.2160067589458,5.37786634595851,21688.1050959558,10.628,0.247413542822812,49.8253176725681
GRC,Greece,2005,0.284127006962334,3.54507273335078,20.479695323459,20.9925302883149,21.3568870584015,29.3630031508258,1.18350635493289,21880.5265835801,10.074,0.293249074052818,50.3555334391407
GRC,Greece,2006,2.01112523714783,3.19594684144545,20.4905420058785,20.7749728037536,24.0565849914051,30.329773779727,6.44339762487436,23220.5324419197,8.906,0.30033180096664,51.1047465834806
GRC,Greece,2007,0.622837777539062,2.89500321516578,20.8258128706201,21.7481874684459,25.5308773380251,32.7774943504585,3.50686976639459,23973.6936091313,8.351,0.254757581935775,54.525681818904395
GRC,Greece,2008,1.6328960526629,4.15279708110293,21.0228551648873,22.7847919983615,23.2806962442851,34.3204916281311,0.0574740238200775,23923.8800731311,7.664,0.265457836726293,57.1052836264926
GRC,Greece,2009,0.846404808815716,1.21007269197809,23.7121814554061,18.7298820095072,20.438446980754,27.6480773891011,-4.11927606715011,22878.1346644397,9.546,0.263026401346927,46.3779593986083
GRC,Greece,2010,0.179789223267027,4.71298907760388,22.5152170378048,21.7288294018439,16.8200572069043,29.1936887978789,-5.6937412158003,21547.724178239,12.719,0.128880432668041,50.9225181997228
GRC,Greece,2011,0.38562256563474,3.3298532335065,22.1197087765907,25.3075993531569,13.8655955400985,30.9853964410338,-9.87677875300243,19448.255802525,17.973,-0.147951277402184,56.2929957941907
GRC,Greece,2012,0.695897838082299,1.50152696177758,22.597228570646,28.9658220302701,12.2795312839599,33.4283897048617,-8.33113421099992,17924.6620496886,24.731,-0.540752950543684,62.394211735131805
GRC,Greece,2013,1.24506178790059,-0.921269454256994,20.9781053748995,30.3271984442629,11.5362301011246,32.6275287772745,-2.27211699888024,17644.8766635021,27.686,-0.725120806658085,62.9547272215374
GRC,Greece,2014,1.15314480305525,-1.31226096405506,20.8255887910482,32.5150455771625,11.233781428641,33.9184908742053,0.792225060962835,17903.5252440012,26.708,-0.666113290031891,66.4335364513678
GRC,Greece,2015,0.652184629866422,-1.73588804765284,20.8049242896208,32.1863593046186,11.1610941969144,33.0852861573132,-0.228301892172851,17980.7298238137,24.981,-0.658861360878339,65.2716454619318
GRC,Greece,2016,1.3975055397238,-0.825653978390973,20.7383584988287,31.179360220916,11.3684708155605,32.4781888673706,-0.0317947678412054,18049.928997892,23.514,-0.415913028277122,63.6575490882866
GRC,Greece,2017,1.7162955046024,1.12125452031419,20.5455406571724,34.7793593671863,12.0492834143889,36.103137372539,1.47312472702352,18352.0884461258,21.413,-0.197783224759792,70.8824967397253
GRC,Greece,2018,1.88723349665643,0.62562141345364,19.7844178026295,38.6308100555801,11.3310526081969,40.6071808082905,2.06467207892409,18769.0389621976,19.179,-0.202880238259165,79.2379908638706
GRC,Greece,2019,2.41172201156202,0.253007522038157,20.0269892386223,39.5602885530263,10.97046317576,41.0298063980194,2.27718065334808,19216.6759579785,17.045,-0.105339392724138,80.5900949510457
GRC,Greece,2020,1.72637818314203,-1.24798355581405,22.7908492610084,31.4504324884115,12.2998658740322,38.843313969663,-9.19623149726978,17486.951333323,15.899,-0.214592106571664,70.29374645807451
GRC,Greece,2021,3.0165221032062,1.22382501019854,21.5609928094922,40.260408549747,13.7915466530779,47.7522568992909,8.65449786002131,19231.2888803517,14.656,-1.20806995499074,88.0126654490379
GRC,Greece,2022,3.69648293387112,9.64525981280632,19.8967664454543,49.2316205589503,15.7213358540523,58.8902226709721,5.52198580589408,20550.5049158297,12.426,-1.25977874589147,108.1218432299224
GRC,Greece,2023,1.94366777616511,3.46480128513405,19.4429943853483,43.8388384656123,15.8842464967092,48.6322498290894,2.13591131996631,21050.8648111581,11.023,-0.292192792101549,92.4710882947017
GRC,Greece,2024,2.6312519942121,2.74101875679486,18.5888630105965,42.1116783220502,16.0395231559948,47.6648496225666,2.0865743380603,21494.6856060599,10.02,-0.0213045199396999,89.7765279446168
GRC,Greece,2025,,2.48209745378857,18.2358778794238,39.4617692969977,16.881202808615,43.9898535848415,2.07306882481713,21921.6862747184,8.54,0.0848067613416544,83.4516228818392
HRV,Croatia,1995,0.474495328041973,3.95010395010406,26.2089590226521,27.3097480274879,14.272079409519,35.4988546703996,6.74972166914642,7304.72692228877,10.007,-0.690119513541903,62.8086026978875
HRV,Croatia,1996,2.0393300632941,4.29999999999993,23.8738738738739,30.3072303072303,18.1797181797182,36.7463617463617,6.11143125777198,7858.19280544609,9.68,-1.37154005901268,67.053592053592
HRV,Croatia,1997,2.46745844738732,4.17066155321186,23.0636132315522,31.0432569974555,21.4758269720102,43.8422391857506,6.16532327216601,8383.47376326709,9.71,-0.487835515074698,74.8854961832061
HRV,Croatia,1998,3.87827135851735,6.39668660837555,24.0062569009937,29.135995583364,20.7673905042326,35.8483621641516,2.25345287133511,8577.65913376916,11.392,-0.061431194309139,64.9843577475156
HRV,Croatia,1999,6.11828850381507,4.01913875598084,24.9226769465238,30.1358196243668,21.0004930745439,36.1289165807522,-0.850447604002099,8541.53312242717,13.559,-0.432031162225091,66.264736205119
HRV,Croatia,2000,4.58600703994628,4.61131554737801,22.8875443354893,35.0886709785103,19.9123722094721,39.511788024202,2.94765913375998,8880.47789126428,16.064,-0.986434858645568,74.6004590027123
HRV,Croatia,2001,4.49453736192097,3.77670246665889,20.8611585649946,37.1330952011182,20.4107780711291,42.3047056996428,3.11089328552634,9515.92714476421,15.822,-3.8476707266781,79.437800900761
HRV,Croatia,2002,3.66543741693173,1.67178437393384,20.5675513305297,35.8907304661272,22.1260204261936,45.2698165883309,5.80141595577015,10062.0602516769,15.053,0.0588712912047699,81.1605470544581
HRV,Croatia,2003,5.23888389777053,1.76733780760629,19.9505729049652,35.5457842539397,25.5640786982059,45.8965882466219,5.56842901730823,10619.3351874985,13.924,0.0284699231131846,81.4423725005616
HRV,Croatia,2004,3.14125847138829,2.05539679050328,20.00118930812,36.5623048791366,25.4333541462254,45.0836975589451,4.17049297825163,11059.1274155158,13.664,0.0279042785156658,81.6460024380817
HRV,Croatia,2005,4.03158584721724,3.31717824448043,19.9137668942262,36.4030844918604,25.1844890964871,45.0899643459274,4.32819454299167,11522.944604729,12.598,0.128732789322745,81.4930488377878
HRV,Croatia,2006,6.74942720543925,3.18982591472949,20.032919726513,37.546214231451,26.3003291972651,45.9711319321347,5.06986521577841,12104.2947219361,11.13,0.0235231237565747,83.5173461635857
HRV,Croatia,2007,7.83566324230563,2.89928275583389,20.7017706069992,37.4647496648329,26.4990060561232,45.7953862512135,5.04884076732965,12718.2002498979,9.909,-0.0218526602655707,83.26013591604641
HRV,Croatia,2008,7.66668932687836,6.07696838798352,20.5412952421867,35.9746536354849,27.855225002685,46.1046074535496,1.97176786914632,12970.5143712302,8.53,-0.0118794578559279,82.0792610890345
HRV,Croatia,2009,4.925903970572,2.37852845904671,22.3269243682432,32.1015287508114,24.7845647648678,37.6010027530944,-6.81168973851901,12099.7045228367,9.202,-0.10502751669287,69.70253150390579
HRV,Croatia,2010,2.61983395656206,1.03055505333576,22.2924065998292,35.5033044103763,20.8200332688936,37.1442701074495,-1.33616285467264,11965.1414956676,11.62,-0.226821270818422,72.6475745178258
HRV,Croatia,2011,1.98600142929806,2.27272727272722,22.7561477677682,38.0508643396268,19.821155846743,39.7330618207574,-0.111527124990047,11993.1337166457,13.678,-0.345264228485821,77.7839261603842
HRV,Croatia,2012,2.5458971283455,3.41207349081368,22.7099194034516,38.7042039695475,19.2069835458016,40.3049719809783,-2.23702049605232,11780.5853491253,16.046,-0.474278461071106,79.0091759505258
HRV,Croatia,2013,1.59392354890083,2.21658206429779,22.5755625582531,39.4700634681106,19.2201855221695,41.4495583862234,-0.132561080066893,11838.4554388595,17.231,-0.622679127955842,80.919621854334
HRV,Croatia,2014,5.34791756323206,-0.215196159576176,23.0877239903718,42.4177587590265,18.7929036284211,42.7988767050013,-0.559537666687092,11862.7815706266,17.209,-0.766382113019195,85.2166354640278
HRV,Croatia,2015,0.958162552964542,-0.464499004645003,22.4557281468912,45.4314058216943,19.0880215811687,45.2203802810773,2.32056679330526,12283.8750299177,16.15,-1.19410185876662,90.6517861027716
HRV,Croatia,2016,2.99037238331044,-1.12500000000002,21.9610646259934,46.6194340495312,19.5580877097086,45.5199091788252,3.46613146011039,12848.473748279,13.015,-1.08634598144505,92.13934322835641
HRV,Croatia,2017,3.24022473811694,1.12937210282347,21.7968310142363,48.9161907825947,19.4723719134561,48.3290436740931,3.2840626939789,13485.3711360576,11.078,-1.60675520461679,97.2452344566878
HRV,Croatia,2018,2.6691078382689,1.50012501041747,21.6730183656664,49.1104429591895,19.9762529444434,49.9741463508053,2.91107146210912,14061.0597402919,8.322,-1.31087324504252,99.0845893099948
HRV,Croatia,2019,6.47280555618669,0.771820346498112,21.6952609915128,50.4917495355699,21.9101737515026,50.9033621097876,3.10247285336254,14641.8735578488,6.551,-0.992302961069294,101.3951116453575
HRV,Croatia,2020,2.53925977136019,0.154811374562106,24.8876714488412,41.2797572126754,22.3533816805928,48.2677755005518,-8.31046995309319,13545.7402289427,7.389,-0.894863743984583,89.5475327132272
HRV,Croatia,2021,7.42755621800021,2.55450699642041,23.0738906124128,49.7866067908747,20.948528529558,52.5410074901873,12.6312741312741,15395.2861605128,7.483,-0.904000889163613,102.327614281062
HRV,Croatia,2022,5.51627272111755,10.7805806758686,21.1630899383255,59.5122239805954,21.6629938029669,65.8985698016654,7.29479114889533,16618.3333786183,6.811,-0.603521952188318,125.41079378226081
HRV,Croatia,2023,3.90313322235581,7.94128177586822,21.0087641754856,52.5673730204834,24.7467986765337,54.7104286111181,3.76204092717136,17225.4504515697,6.121,0.104856226330186,107.2778016316015
HRV,Croatia,2024,4.87790164584768,2.97200477643626,23.1290378906932,50.1414353064432,25.1906175426343,54.7709679296898,3.82578440126859,17854.3262648378,5.0,0.168627948783285,104.912403236133
HRV,Croatia,2025,,3.69153459605729,24.2785695079322,47.9720354934122,25.7348749663888,53.0142511427803,3.40307537181749,18414.2935235367,5.002,0.258317977905583,100.9862866361925
HUN,Hungary,1995,10.3142923372639,28.3054683706654,22.7949765557116,39.1102749102395,21.7047010170121,39.0656166831524,1.48952547593046,7704.6409020455,10.168,-0.139220003601429,78.1758915933919
HUN,Hungary,1996,7.02257505750731,23.4690301919185,21.5524505456692,41.7711238743212,22.7893893148991,41.2508567607868,0.101234227633242,7725.69980358198,10.022,-0.171771608629025,83.02198063510801
HUN,Hungary,1997,8.78533630127407,18.3050744143799,21.2097985664491,47.8429419192775,23.1976474946744,46.8449682273983,2.97787906543104,7971.80554914825,8.991,-0.201458936335808,94.68791014667579
HUN,Hungary,1998,6.68585430137196,14.153789654534,20.8824814204097,52.884895311527,24.1105827537385,54.4344397861419,3.84810814449837,8297.85419511945,8.925,-0.232679336866497,107.3193350976689
HUN,Hungary,1999,6.88558157302498,9.99774409303368,21.2197129970005,55.5729749592902,25.036764024712,58.2965578716872,3.08605811588221,8578.19506388065,6.929,-0.283260610485194,113.86953283097739
HUN,Hungary,2000,5.81207210516034,9.80361016908125,21.1714871886978,66.7818415655251,25.4713634057908,70.4804715279449,4.40937501806403,8979.73578602949,6.563,-0.259764908288633,137.26231309347
HUN,Hungary,2001,7.54426473166249,9.11680911680911,21.0636287555601,64.7946703854209,24.8292566680683,66.109043850966,4.06202617226026,9365.95393193015,5.671,-0.229379183308447,130.90371423638692
HUN,Hungary,2002,5.38678090915431,5.26544821583985,21.855542036297,58.0673383688733,24.7043468872676,60.2019968736818,4.73006530805553,9836.94065083321,5.608,-0.28475137719698,118.2693352425551
HUN,Hungary,2003,4.88025299452782,4.66101694915254,23.0395033323141,56.3436633595853,23.6514153458044,60.4434251812765,3.93877761242727,10253.723920764,5.79,-0.286433268128688,116.7870885408618
HUN,Hungary,2004,4.36291277823616,6.74434679569469,22.0441935715458,59.5641177697341,24.0648512912948,64.0515683344399,4.96312536156307,10786.4881991495,5.832,-0.221439378654807,123.61568610417402
HUN,Hungary,2005,24.3060288068427,3.56151711378352,22.1446969663743,62.5215212771297,23.8577292678604,65.4832893704085,4.30028318461673,11272.7345428122,7.189,-0.198878843237103,128.0048106475382
HUN,Hungary,2006,16.1574876503265,3.93032603841001,22.0122861042098,73.8064864785301,23.5148918369988,75.4250450899309,3.93393162712054,11734.4544729813,7.494,-0.155716484651578,149.231531568461
HUN,Hungary,2007,50.4065230275136,7.9587451654491,20.7877161589285,77.8221656386034,23.7033612332997,77.7792667294669,0.332354337878925,11791.7074416876,7.406,-0.154915158060948,155.60143236807028
HUN,Hungary,2008,47.2364211896638,6.0425125388106,21.3871831168946,79.2039448630126,23.3584432583345,79.2492792526061,0.993437085479655,11929.7209867703,7.817,-0.17509736747488,158.4532241156187
HUN,Hungary,2009,-2.28280495631194,4.21171171171171,22.0633637854298,74.3529496218046,22.6849719281542,70.9529277083853,-6.7401660845502,11142.885928524,10.03,-0.154908813950621,145.3058773301899
HUN,Hungary,2010,-15.8854380283338,4.85555795691956,21.4452769845877,81.2535035455015,20.1115497896952,76.5854565403946,1.06795068152046,11287.3686666108,11.172,-0.226013875689698,157.8389600858961
HUN,Hungary,2011,7.45442145492381,3.9299209893507,20.6306611369873,86.1931503181868,19.5689305528823,80.5611968917104,1.91670916599742,11536.3578996772,11.029,-0.283360435946948,166.7543472098972
HUN,Hungary,2012,8.30549850772091,5.65214517088646,20.0094311068777,86.0876097061215,19.200974937302,80.088088903449,-1.33948446518181,11440.7622718825,11.003,-0.516437606548041,166.1756986095705
HUN,Hungary,2013,-2.74986395257086,1.73319984983101,19.7252188156981,85.3937852070622,20.8591445952694,79.0822395844044,2.03216990678146,11729.5720798501,10.177,-0.481259646558662,164.4760247914666
HUN,Hungary,2014,9.1265022330579,-0.227566270988219,19.973606906802,87.0271641102673,22.1003955003797,81.3311909761454,4.33435364113967,12287.3779441033,7.725,-0.402887577253118,168.3583550864127
HUN,Hungary,2015,-4.3672559097876,-0.0616446800641672,19.6960961996161,87.4348841373907,22.2937047865563,79.8558543571336,3.65981615406955,12782.9412577973,6.813,-0.35946625276649,167.2907384945243
HUN,Hungary,2016,53.8467636785015,0.394769306686392,19.8867549745838,86.1114634598119,19.6127620154747,77.8604810403383,2.43864141309342,13145.6559885563,5.115,-0.388598014975531,163.9719445001502
HUN,Hungary,2017,-8.6313549623639,2.34824281150154,20.1448604404386,85.7461533449483,22.3175179109155,79.2867024953192,4.12418389451805,13734.2442804335,4.156,-0.338685889370073,165.0328558402675
HUN,Hungary,2018,-40.1082460169744,2.85024792594646,19.6077493163427,83.3967795001256,24.8773384313132,79.3040792777992,5.60613813768876,14533.7783144312,3.667,-0.203687269785053,162.7008587779248
HUN,Hungary,2019,59.5775493833952,3.33858635382008,19.968827606623,81.065700696964,27.1243438949818,78.8598557678669,5.07718495088933,15290.8085466331,3.411,-0.125143121699401,159.9255564648309
HUN,Hungary,2020,105.635755544096,3.32674385766738,21.1942255255035,78.0879317443048,26.4476333540855,76.4390711920722,-4.33872540024058,14664.2971195385,4.248,-0.252049642963059,154.52700293637702
HUN,Hungary,2021,18.2639108972104,5.11096534382855,20.791731660422,79.4114343821378,27.2593627994409,79.7760929506963,7.22291580811137,15787.9535427563,4.021,-0.409163639262836,159.1875273328341
HUN,Hungary,2022,-1.05246677407293,14.6081439492433,20.7069616413687,89.810135261602,27.547007127657,95.1598173197492,4.15238057779229,16487.7973935944,3.583,-0.268850150860009,184.9699525813512
HUN,Hungary,2023,-33.2799471781632,17.1249659678737,20.4758061658852,81.3874893501556,25.5541890872606,77.2313362577572,-0.817107370513455,16375.0462724192,4.096,-0.134269181500181,158.6188256079128
HUN,Hungary,2024,-27.5090725956422,3.70370370370369,20.3568815042879,76.1979120113902,23.2061119734289,71.7287545266774,0.709070599066038,16543.1049095203,4.5,-0.314510077464087,147.9266665380676
HUN,Hungary,2025,-28.3736403614031,4.41198445905562,20.8168656149859,72.6304321068483,21.9445831776773,68.1488717964849,0.509542309726868,16710.9602521813,4.521,-0.501292808614035,140.7793039033332
IRL,Ireland,1995,2.08696657373782,2.52486446780802,17.2179345251553,73.5199805547023,18.0715462043137,62.5831438049889,9.63442136559036,28646.8176219898,11.97,0.512695055318523,136.1031243596912
IRL,Ireland,1996,3.45356359013551,1.75574469607419,16.5925495108963,74.9070020586701,19.8192153006087,63.9611164328373,7.37962465765875,30518.4039336362,11.692,0.791271346994459,138.8681184915074
IRL,Ireland,1997,2.44856369452834,1.5418020226137,16.1188292416928,77.1247806345089,21.0464057229139,65.1446615207745,11.0217650823433,33543.9942975657,10.191,1.00281473521859,142.2694421552834
IRL,Ireland,1998,9.82513843344542,2.40768094534715,15.5479515599581,84.3240502327877,22.5256740532304,73.4483179543601,8.7661226571214,36105.9184837456,7.699,1.04307683611147,157.7723681871478
IRL,Ireland,1999,18.4143116828593,1.62988605221407,15.0261987411711,86.4600758221796,24.1598757166235,73.4108989379918,10.5298856427062,39460.4758655009,5.804,1.12729955649471,159.8709747601714
IRL,Ireland,2000,25.7260262363322,5.57763269940387,14.7459204426839,94.3894347338897,23.7420483759438,80.5650833373973,9.40352476399653,42599.4803921319,4.318,1.33304266586712,174.954518071287
IRL,Ireland,2001,8.82598474922644,4.85280279607477,15.3998306188885,95.2243726376591,23.9363909530586,79.6163384642114,5.30582133514299,44151.1536032557,3.684,1.59215149039299,174.8407111018705
IRL,Ireland,2002,22.8030331294708,4.62820512820515,15.8062322641555,90.449466813067,23.5930866694156,73.269862546548,5.89936506079005,45974.4881988842,4.216,1.68514885730282,163.71932935961502
IRL,Ireland,2003,13.8344483636902,3.49221909079765,16.0558800096065,80.8405847264703,24.9110720581996,65.6908892948051,3.01383869396012,46594.8620267616,4.478,1.62895096193019,146.53147402127541
IRL,Ireland,2004,-5.4573737070047,2.17854605730523,16.1660379632399,80.4755660009134,26.9502516354942,66.1119303691577,6.78813990621356,48856.3238587396,4.491,1.82831381790901,146.5874963700711
IRL,Ireland,2005,22.1832694953892,2.45654692931639,16.0571073028133,79.5276864075247,29.8289266430491,68.6478778456041,5.73978202625278,50547.2123729763,4.237,2.17870301355631,148.1755642531288
IRL,Ireland,2006,9.50555829114517,3.93576114001354,16.2267367718476,79.0346632772547,30.9866916342227,70.9871225320103,4.98785364537615,51656.8194855887,4.355,2.69600564359576,150.021785809265
IRL,Ireland,2007,22.1915415030247,4.88574537540802,16.8469994194329,80.8367880723601,28.7070824533303,72.5600589956647,5.31011830898613,52849.6948429458,4.98,2.89096000464164,153.39684706802478
IRL,Ireland,2008,8.45449268903961,4.03568834941391,18.6524250310558,84.3332733545791,24.8421187310969,75.7061467778949,-4.48407081043062,49461.1594281353,6.774,2.03870801117202,160.039420132474
IRL,Ireland,2009,22.827608853053,-4.44754686876746,20.0406285492001,93.5561576841509,21.1631245505943,80.0353171905146,-5.09578277913846,46466.3794269222,12.609,1.01566327592341,173.5914748746655
IRL,Ireland,2010,17.0242973051905,-0.918388645376774,18.6807522831162,103.327078355769,17.5913855594315,86.7531944309513,1.68297175486512,46991.6464673949,14.534,0.544884384079014,190.0802727867203
IRL,Ireland,2011,9.83474085171317,2.5489783020855,18.952028274655,102.41088550995,16.5650711962538,83.8939936690886,1.60886648916944,47539.9181739968,15.354,0.436072439258428,186.3048791790386
IRL,Ireland,2012,25.5993064499855,1.69474116680366,18.1048779174955,103.821695189581,19.5031733011107,86.5339871284032,-0.40502941658977,47147.1604669421,15.451,0.4237438032978,190.3556823179842
IRL,Ireland,2013,29.8612971089447,0.515099484900573,16.8527994956345,109.746480737327,18.2755667302427,89.996105487119,2.1929375750029,47928.0346487005,13.735,0.526556158855653,199.742586224446
IRL,Ireland,2014,39.3649751606697,0.190916398713745,15.9960945162755,115.097265448513,20.1917132776127,96.0843365535719,9.38579335130922,52044.6201181887,11.858,0.731001376585771,211.1816020020849
IRL,Ireland,2015,74.8169261487244,-0.330959783371788,12.1229698518601,126.687521960845,24.281584982819,97.0154163297974,24.6239856364006,64250.1385181257,9.908,0.944845307474728,223.7029382906424
IRL,Ireland,2016,26.1253590357369,0.0201247735963237,12.5476428364217,129.178433843871,34.1109334162945,110.530093954898,1.22271661130947,64205.979777351,8.374,1.28405485082411,239.708527798769
IRL,Ireland,2017,20.4170966260237,0.362173038229378,11.9398969444594,128.496270792904,32.4754503620573,104.807812553807,10.1088576065965,69748.6221034014,6.713,1.34979886553997,233.304083346711
IRL,Ireland,2018,20.3601504375203,0.471130713712916,11.7578571254292,125.968715436882,27.8988968647133,96.4850005635176,7.68865937437435,74029.0550611436,5.741,1.45141079540844,222.4537160003996
IRL,Ireland,2019,7.67467578422042,0.937842961189274,11.7807140950215,131.224509342169,53.2106628607249,126.428263568252,4.97288003766816,76485.635854651,4.95,1.58865409604595,257.652772910421
IRL,Ireland,2020,8.0934578228257,-0.326183651280033,12.5756189881173,139.811889906845,41.387811264164,118.968547119407,7.15369505735335,80927.936475395,5.623,1.26378913010119,258.780437026252
IRL,Ireland,2021,14.6537815105934,2.34034113447044,11.7061835010747,136.397670222851,22.0777319056718,94.6346806407347,16.2581881158197,92781.2322150786,6.357,1.39579966615221,231.0323508635857
IRL,Ireland,2022,-6.48790793588936,7.82945736434105,10.9734731417486,139.505980538698,21.1440595300808,98.24943902068,7.51113888415304,97793.5366671697,4.465,1.98101664069715,237.755419559378
IRL,Ireland,2023,-24.6702589530642,6.29942487419125,12.0911800159942,136.52636667411,24.8882708451242,103.123260911001,-2.53637409313261,93541.9643678381,4.243,1.87573900211149,239.64962758511098
IRL,Ireland,2024,0.791076186083952,2.11344999577317,12.0694610772017,143.984601661031,17.3480143254281,102.18527319637,2.59946721553708,94474.9879707069,4.3,1.57375843711631,246.169874857401
IRL,Ireland,2025,,2.21044788475857,11.242254181376,140.066665278394,22.2358029402053,99.892247065173,12.3375990291434,104416.83204022,4.632,1.62826615443033,239.958912343567
ITA,Italy,1995,0.41141570812074,5.23542258044301,17.486354906797,24.6157552051653,19.8701107669712,20.9637474585342,2.88683671925843,29408.3209572297,11.661,0.0015885623091739,45.5795026636995
ITA,Italy,1996,0.269927027891048,4.0069766898104,17.6769089131768,23.662303838318,19.6680414917594,19.1397452090937,1.34558477192847,29795.6597750915,11.864,0.0281044080072756,42.8020490474117
ITA,Italy,1997,0.296168797044085,2.04310779750136,17.7349547745595,24.0894916918366,19.6429778111712,20.3876735060337,1.92572122608527,30353.3778243995,11.985,0.05290695026061,44.4771651978703
ITA,Italy,1998,0.207433276751061,1.95508557719381,17.5896432774815,24.0123257096913,19.9639380023847,20.9855485636537,1.8043732818638,30892.1758654455,12.117,0.0287740158774372,44.997874273345005
ITA,Italy,1999,0.553126854699131,1.66345995007714,17.6114010304618,23.1534516122759,20.3715223230068,21.3763886144254,1.67799157943422,31405.2609007683,11.681,0.0168208444553697,44.5298402267013
ITA,Italy,2000,1.14581409094162,2.53768532095002,17.8233407313728,25.5611956255751,21.2257586739508,24.7135355199888,3.88209885062652,32609.66746283,10.834,0.045303631138613,50.2747311455639
ITA,Italy,2001,1.26941636801649,2.78516542713554,18.4749145877067,25.5610801918444,21.191892455513,24.3021921285051,2.00643329837733,33243.599343976,9.599,0.0612241572425483,49.8632723203495
ITA,Italy,2002,1.34499006490549,2.46532319171165,18.6145960121792,24.3126948188163,21.81208675062,23.5586238603378,0.26992966378873,33267.4474482048,9.211,0.197854295667482,47.8713186791541
ITA,Italy,2003,1.23649728851371,2.6725555277285,19.0650756831925,23.2240496903642,21.2842346571997,22.7700362873432,0.0665538088732092,33110.1698494812,8.869,0.540420007681938,45.9940859777074
ITA,Italy,2004,1.10881762156492,2.20673661423657,19.2599448233726,23.9268409466402,21.3598020854476,23.3395514425368,1.4740217064723,33348.9744820456,7.866,0.744609563112575,47.266392389177
ITA,Italy,2005,1.9711754818286,1.9852929852798,19.6997064385986,24.5118533579183,21.6734394073244,24.6103208709435,0.762410677306491,33407.6754716472,7.73,0.583653375692943,49.1221742288618
ITA,Italy,2006,2.91006549515942,2.09084391012754,19.5502275133951,26.0530628243151,21.9242418666958,26.8704801353861,1.79947992234244,33873.0493680093,6.777,0.400079310970985,52.923542959701194
ITA,Italy,2007,2.9684958153757,1.82974112202403,19.1061373626492,27.2450545395013,21.9944755997434,27.5829870177519,1.46229205289291,34159.9109244074,6.076,0.608396959196212,54.8280415572532
ITA,Italy,2008,-0.393031898243063,3.34783258401022,19.6720387939835,26.7427615964483,21.562045770846,27.4714932992188,-1.02313851177097,33550.6340800063,6.723,0.771291301351719,54.214254895667096
ITA,Italy,2009,0.751632233908177,0.774768131387381,20.8208815213722,22.2771595955525,20.3159597572588,22.8643169766079,-5.30515401233991,31587.0638416305,7.749,0.579748620940622,45.1414765721604
ITA,Italy,2010,0.462974196548407,1.52551602118248,20.6877280787162,24.9186514223879,20.2386645229593,26.743460391446,1.52910573247101,31928.5543621096,8.363,0.442226157086815,51.6621118138339
ITA,Italy,2011,1.49396922230512,2.78063272879323,19.9439205262434,26.5629866543354,19.9088467204091,27.9092282905933,0.695463154440176,32039.5032494316,8.359,0.346167211080488,54.4722149449287
ITA,Italy,2012,0.0016635941816029,3.04136333226775,19.9355930573762,27.9851870768453,18.4823918939236,26.8993081933752,-3.12523877282996,30953.4147447427,10.655,0.273513088134657,54.8844952702205
ITA,Italy,2013,0.907076904789878,1.21999342274306,19.9446023702419,28.177442406394,17.3118980803026,25.8567422253559,-1.81802510749792,30330.0221599668,12.149,0.199772918304074,54.0341846317499
ITA,Italy,2014,0.783743281747353,0.241047429826756,19.625084060739,28.6224027363532,16.8397294480548,25.83212719685,-0.0013876173045446,30325.0287793923,12.683,0.0150772197985246,54.454529933203204
ITA,Italy,2015,0.720886367724088,0.0387903996579733,19.1725049881929,29.144111052532,17.0809179970368,26.2915747622901,0.885667635240807,30639.8829751432,11.896,-0.151143561276007,55.4356858148221
ITA,Italy,2016,1.35957350873308,-0.09401665691575,19.1381480918602,28.7987488919157,17.2934651927051,25.6333978099156,1.23622108511661,31077.6792675211,11.688,-0.190090486385849,54.4321467018313
ITA,Italy,2017,0.44334154868577,1.22653316645812,18.9977833101079,30.1398859152774,17.5794629155864,27.4431081122137,1.60369995294101,31635.52277108,11.211,-0.188100912559894,57.5829940274911
ITA,Italy,2018,2.10769610409512,1.13748763600391,18.8848858137312,30.8135072735991,17.9722011780771,28.4614762392164,0.826646712344115,31963.6417148824,10.538,-0.208594586223998,59.274983512815496
ITA,Italy,2019,1.77066894209208,0.611246943765304,18.6874454981379,30.9498739181942,18.1291790303995,27.7443163412796,0.429162533780342,32180.4341017428,9.884,-0.247712826621699,58.6941902594738
ITA,Italy,2020,-0.893869914296462,-0.13770757391651,20.7320079575481,28.7258551870199,18.2018164062184,25.2136287172564,-8.86822122185345,29469.7989238626,9.192,-0.487095091717782,53.9394839042763
ITA,Italy,2021,1.20474315612308,1.87378325762481,19.6375873442896,31.1716088630092,20.7705217357607,29.1303687572707,8.93106210800055,32267.7091050201,9.497,-0.515599998844444,60.3019776202799
ITA,Italy,2022,2.94181405797187,8.20128991161718,18.838554715179,35.0991400412578,21.7757352760856,36.9173622620119,4.82117669913565,33891.8866526216,8.069,-0.20230086688254,72.0165023032697
ITA,Italy,2023,1.81363348239025,5.62219442195901,17.9022752317075,33.3293695692309,22.6536678849797,31.7734723749599,0.922796543670316,34221.7182928271,7.627,-0.0499178457490556,65.1028419441908
ITA,Italy,2024,1.19623307999136,0.982373023061417,18.0763106353806,32.3350686402627,21.5129467738695,30.2575458513031,0.783039135276795,34508.1235191237,6.5,-0.0534387378437725,62.5926144915658
ITA,Italy,2025,0.034602983660439,1.5316682765282,18.2507578335224,32.2270197272539,21.8347372224523,30.2962066318587,0.539583636778445,34716.1405786348,6.391,-0.0628633523365352,62.5232263591126
LTU,Lithuania,1995,0.91599006830321,39.6476290328289,23.8338583981058,36.9386970561821,20.2351107729266,47.6058684402415,3.29008262426858,4924.09667530707,17.54,-0.769728017770742,84.5445654964236
LTU,Lithuania,1996,1.80778475578758,24.62519538645,23.9448435169784,41.7452908673057,20.4664976175958,51.0685058304523,5.02694376847307,5211.10025197912,16.4,-0.760343408174495,92.813796697758
LTU,Lithuania,1997,3.56292104936331,8.88104848465892,24.0421961294719,44.7817616774546,22.2643437239043,54.8677272886634,8.30063037348748,5685.44901491024,14.13,-0.737830358066631,99.649488966118
LTU,Lithuania,1998,8.13855813597498,5.06755385841968,25.7711170720421,38.9812389713984,23.7805132609305,50.384065627128,7.46293714937232,6154.17245640636,13.711,-0.724436206600195,89.3653045985264
LTU,Lithuania,1999,5.1218707362885,0.727550626557424,23.5580618145463,32.2965725535194,21.8521151611492,42.2881631889739,-1.09700818020993,6129.99843995634,13.388,-0.709489234071613,74.5847357424933
LTU,Lithuania,2000,3.29220428777652,0.981615478857598,22.3826570467051,38.5073296446036,19.106143781843,44.684164630208,3.41862206571636,6384.30865426374,15.931,-0.703385440488978,83.1914942748116
LTU,Lithuania,2001,3.60825880316743,1.36712030817819,21.1308403240418,44.0129576744504,20.5013949501313,49.4741796941332,6.48412665187908,6854.52512826671,16.84,-0.824008723044179,93.4871373685836
LTU,Lithuania,2002,4.62664162847931,0.281506610345575,20.5566658733581,47.3290677050394,20.6880451379643,53.0031617697783,6.71983945103626,7374.0979710116,13.008,-0.802765710748508,100.3322294748177
LTU,Lithuania,2003,1.15581132298026,-1.13430854990247,19.5456507640416,46.1534641761834,21.5317486962314,51.9379401444878,10.5518959629574,8218.69336289848,12.874,-0.812278097406687,98.09140432067119
LTU,Lithuania,2004,3.86727514737433,1.16410252104671,19.0877078519304,48.5233385442616,22.8037215070817,55.5487321542816,6.50203536075556,8851.92598922347,10.684,-1.12299127483243,104.0720706985432
LTU,Lithuania,2005,4.9513140342573,2.65848484065262,18.5191005650631,55.1137769337009,23.4031526577558,62.3359142314849,7.7314467577492,9692.86853763267,8.325,-1.62840112593427,117.4496911651858
LTU,Lithuania,2006,7.50221604684683,3.73912004060664,19.1899246295583,57.1650712091213,26.0125275452576,67.4485618381711,7.39548122468629,10577.2145522871,5.78,-1.59637831830094,124.61363304729241
LTU,Lithuania,2007,6.54805565260343,5.73717382799842,17.4513357826862,51.6005785480117,28.5825367058501,64.69523178016,11.0779282578673,11889.3545234657,4.25,-1.187947957259,116.2958103281717
LTU,Lithuania,2008,3.61122070655171,10.9258856241655,18.6665424842249,57.5807261343907,26.0480830824595,69.17898169745,2.59946154605602,12324.5197331387,5.826,-1.02848317546539,126.7597078318407
LTU,Lithuania,2009,-0.96067117365502,4.45304456518535,21.2054131585729,51.6425313966986,17.8342694449584,53.3977198399152,-14.8386117894848,10612.9204044582,13.785,-1.11034575437238,105.0402512366138
LTU,Lithuania,2010,3.00969561169119,1.31921362055463,20.1787167854866,64.7985134455831,17.0850047033206,66.8279939504257,0.427199566550769,10884.1161852582,17.814,-2.09694341985475,131.62650739600878
LTU,Lithuania,2011,4.35509015104087,4.13027562645085,18.5351380977484,73.4692169559065,18.7988664422637,76.1760899713089,6.32363664821298,11836.7200384033,15.39,-2.25846389882827,149.64530692721542
LTU,Lithuania,2012,1.5855600934776,3.08998277055417,17.611420261067,78.6260683563339,17.5779128736327,78.0128572941789,4.38290584355157,12516.6184065667,13.365,-1.2954927649989,156.63892565051282
LTU,Lithuania,2013,1.66003716547754,1.04747937065344,16.8053950293724,79.0419385750891,18.6706513704311,77.5846993523289,4.04691318575325,13145.8069309969,11.77,-0.937390957711289,156.62663792741802
LTU,Lithuania,2014,0.739699359398686,0.103758009433708,16.6571642742601,72.6102123944686,19.107534609394,70.6799033862253,3.7725437958099,13753.1895982305,10.698,-0.813668566231451,143.2901157806939
LTU,Lithuania,2015,2.49622116332616,-0.884097405500596,17.148922427067,68.6043807818409,19.5972464627678,69.5911942277597,2.83280643343234,14269.8039878287,9.12,-0.89406825888146,138.1955750096006
LTU,Lithuania,2016,2.7403147410033,0.905525075460342,16.9598041209771,67.7094248902699,19.9190169078885,66.9810247606071,2.67192215053329,14823.107153522,7.862,-1.16730651563847,134.69044965087699
LTU,Lithuania,2017,2.89745572307538,3.72288862303707,16.2738002823495,73.6063406090345,20.1373563967598,71.3120524922902,4.61224310312809,15695.9993288456,7.073,-1.21281970207312,144.9183931013247
LTU,Lithuania,2018,2.39550085067309,2.69792779208394,16.1750375238819,74.5295191317116,20.6920891397458,72.6726133935094,4.91836780106811,16604.9021440809,6.147,-0.82796893028899,147.20213252522097
LTU,Lithuania,2019,6.23035300556357,2.33450937988027,16.7659394694471,76.8187229886379,21.2003099235928,71.5562730231805,4.67735183530451,17431.7239081591,6.255,-0.288120400605037,148.37499601181838
LTU,Lithuania,2020,7.94344900363669,1.19989444983569,18.366975394834,72.4346855034597,21.4337157753964,63.361880060059,0.0428158336981426,17443.65526328,8.487,-0.0256161303326233,135.7965655635187
LTU,Lithuania,2021,3.73869903984915,4.68354420903453,17.5575947453816,79.5885699025887,22.4742445761328,75.1377340115099,6.39481772930206,18572.2895051093,7.112,-0.070798680741267,154.7263039140986
LTU,Lithuania,2022,3.42488723499229,19.7050461518394,17.0970850593218,87.264114905646,22.4355748356933,89.3677021665931,2.46532013155011,18873.8427527274,5.955,0.824789131191284,176.6318170722391
LTU,Lithuania,2023,4.76764051451377,9.11731962390475,17.4488304993577,75.933513171116,23.8185730783579,72.0572386053119,0.739537398185803,18748.9302647191,6.841,1.40084461829591,147.99075177642789
LTU,Lithuania,2024,5.49705606704886,0.715735835228723,18.8214710847782,73.9407258792654,22.4117705922418,68.4791843455245,3.03019543767596,19205.4152293136,6.851,0.579633464785161,142.4199102247899
LTU,Lithuania,2025,3.24263476181387,3.79170510860467,19.3273452827545,72.9839535290335,22.9415611293443,69.1223511663482,2.92007656461696,19762.8342142819,6.731,0.0171713878019065,142.1063046953817
LUX,Luxembourg,1995,,1.86769424969108,15.7015601818991,104.478825699709,21.1528428109666,85.065620189087,1.43220024272964,74900.1497246575,2.918,1.40474246355929,189.54444588879602
LUX,Luxembourg,1996,,1.18385968843573,16.0601874871314,107.981098142476,19.8397296677453,87.6558085056738,1.39807630241253,74920.5623621812,3.286,1.36114394109864,195.63690664814982
LUX,Luxembourg,1997,,1.36751261207932,15.7379154439885,116.220951847375,20.6270026127991,95.8678060845422,5.41972646151088,77997.2016345512,2.527,1.25350248369427,212.0887579319172
LUX,Luxembourg,1998,,0.958570110494753,15.2646789866207,127.697112462509,21.1674467294173,108.872876429456,6.67419503775402,82174.3606082355,2.763,1.24387080269218,236.569988891965
LUX,Luxembourg,1999,,1.02519676474926,14.9880432216477,129.936451950794,23.1595864055053,109.986047626897,8.17613777063244,87700.5125529005,2.39,1.35062128530242,239.922499577691
LUX,Luxembourg,2000,,3.15076707022596,14.4954639001418,147.644762391931,20.6250522599668,124.767265322622,6.93809504692074,92533.1393756479,2.345,1.34408299573143,272.412027714553
LUX,Luxembourg,2001,,2.66382110579101,15.3332081513882,146.200789383276,21.8791504556885,124.564554436307,3.07427520210337,94249.1625853478,1.805,1.19045634528707,270.765343819583
LUX,Luxembourg,2002,17.9416677912933,2.07408613571643,15.9558360764162,136.361725575128,21.3026835732449,114.327466616513,3.22528846998354,96275.0321314871,2.621,1.04766081596443,250.68919219164098
LUX,Luxembourg,2003,14.4641078649714,2.04984030563516,16.3693751473418,132.848052488235,21.0489975573913,112.129893572294,2.6192502126754,97603.4028137275,3.675,1.21520087964639,244.977946060529
LUX,Luxembourg,2004,14.7716141859696,2.22567916428894,16.375606181149,143.73436357449,21.2432820905258,121.492521281147,4.23067892192488,100296.956996628,5.113,1.42133256471314,265.226884855637
LUX,Luxembourg,2005,12.32939877922,2.48769665164081,16.5824119941042,153.824282815392,19.3477754094802,130.252959519747,2.48250499371829,101226.109631791,4.488,1.53005466340868,284.077242335139
LUX,Luxembourg,2006,75.0860385350828,2.66631494577077,15.1713658013268,167.740282231035,18.215051090926,138.139211555237,6.01662739677904,105618.332853323,4.731,1.59505191774492,305.879493786272
LUX,Luxembourg,2007,-57.5323140834096,2.31245861786126,14.428866680837,169.576705513534,18.9176381438526,137.908314571662,8.09852098069817,112422.146493735,4.065,1.54438684650549,307.48502008519597
LUX,Luxembourg,2008,12.0948257128755,3.4018796302557,14.4892174392625,161.494761789301,20.1440835676294,130.718718994128,-0.302272983306707,110096.656683086,5.06,1.78749663225793,292.213480783429
LUX,Luxembourg,2009,50.0394903092505,0.368041997888867,16.0810077288414,147.925083013145,18.0192474186727,115.607618528539,-3.23895268839308,104576.122195434,5.194,1.85177523043645,263.532701541684
LUX,Luxembourg,2010,69.6063943388728,2.27367911621542,15.7858005082929,162.709857140044,16.8240877972083,130.962019766895,3.76040578658925,106545.854916218,4.423,1.8254058035237,293.671876906939
LUX,Luxembourg,2011,14.3333707152268,3.4106834106835,16.0447899088036,169.489123436331,19.213253764947,139.225330437832,1.0442860057217,105292.012346074,5.122,2.22266050326725,308.71445387416304
LUX,Luxembourg,2012,4.7244838569188,2.66284165508011,16.3040906079705,171.211788066768,19.1775316113029,140.575047137918,1.64971134354685,104489.298083328,5.03,2.40154189982875,311.786835204686
LUX,Luxembourg,2013,35.7329034711934,1.73403963519162,16.3503422960569,176.383330927429,18.4542729429366,144.15017538934,3.17168513780955,105340.41498623,6.045,2.31117625275217,320.53350631676904
LUX,Luxembourg,2014,29.1553925693205,0.628543985440717,16.0514529421955,182.782585361208,19.1517347577366,150.646251097964,2.62308838097542,105585.401767492,6.044,2.35697870484045,333.428836459172
LUX,Luxembourg,2015,75.6300240002581,0.474743161437871,15.9681641919044,191.835428725013,17.3094554675767,159.296525319647,2.26836572735107,105462.012584423,6.796,2.35995118136865,351.13195404466
LUX,Luxembourg,2016,28.257554145971,0.290833333333225,15.6742178009036,191.098633740622,17.28483889537,157.338775636266,4.97819047122638,108351.452194449,6.669,2.15531198799205,348.437409376888
LUX,Luxembourg,2017,-41.6509945601316,1.73079959118896,16.2193608860725,192.747503540731,17.8113229941338,161.046488439573,1.31711942298405,107142.05542835,5.523,2.43097641776115,353.793991980304
LUX,Luxembourg,2018,-117.233947530512,1.5281952430737,16.7763163523527,197.218199953374,16.151624557013,164.647245245294,1.61129891211624,106788.661202756,5.589,1.92883751398765,361.865445198668
LUX,Luxembourg,2019,234.310617307358,1.74332075653848,17.2119600038645,206.580145839872,18.0483819362099,176.080634744548,2.74932091920692,107591.899505248,5.592,1.9628449198635,382.66078058441997
LUX,Luxembourg,2020,-4.55819523596748,0.819957302127036,18.4291160883583,204.436962289215,17.1751509447995,171.144432536811,-0.510051634039826,105274.182260744,6.766,1.66635867423273,375.581394826026
LUX,Luxembourg,2021,28.7187121123012,2.52692009066166,17.254046334573,215.618162988769,18.1452709581154,181.888017879203,6.92973270801744,110873.115269021,5.571,1.51834936706612,397.50618086797203
LUX,Luxembourg,2022,-391.555119009248,6.33600807777919,18.064020767564,222.308456163103,16.6013614150021,189.868713761072,-1.09741256293819,107467.123965307,4.588,2.01666790212729,412.177169924175
LUX,Luxembourg,2023,-10.4511316835125,3.74140361983136,18.4013767442359,217.379822583978,16.0686275070946,185.187145613366,0.0994370594039111,105422.764660192,5.184,2.02002574712319,402.566968197344
LUX,Luxembourg,2024,113.622225285264,2.05113269954859,19.0506157557158,191.532970187611,15.375144986765,159.734950965581,0.358614003982225,104147.111291588,6.4,1.57538901671221,351.267921153192
LUX,Luxembourg,2025,-92.8195151180004,2.25723817871726,19.8476000284133,190.522135684017,14.974577235541,159.364743494859,0.63787818818335,103292.144703636,6.343,1.46016251329208,349.88687917887603
LVA,Latvia,1995,4.35146067770026,24.9759355316749,22.4235062083024,35.677496823884,14.1892283640129,40.5725044475796,-0.944762865564712,4661.66840092451,19.0,-1.42581081215727,76.25000127146359
LVA,Latvia,1996,5.71349225353678,17.6104698431033,21.0854268526014,41.6403177406518,18.135660092583,50.9215064228739,2.29996103802466,4822.90414861125,20.7,-1.12637509582344,92.5618241635257
LVA,Latvia,1997,7.47075232624449,8.44738342092961,20.1625194032331,40.8165714994491,17.5665492549178,50.1095840872816,9.17147634072084,5317.97997604979,14.9,-0.996762288757542,90.92615558673069
LVA,Latvia,1998,5.32540844398606,4.64421422660783,21.862351843971,40.3175570735027,24.0444782862804,52.7311005124738,6.55000264756266,5719.98918281481,14.454,-0.942918937122207,93.0486575859765
LVA,Latvia,1999,4.75274211425385,2.36481836111805,21.7419851977404,36.0307753713725,22.9011615541372,46.1197814475044,2.81840455944993,5929.26767237825,13.79,-0.813961203872195,82.15055681887691
LVA,Latvia,2000,4.17696567652597,2.65425477796048,20.1731541882671,37.7213901364908,25.1981759822131,45.8907419735648,5.84102642353959,6336.38296707987,14.211,-0.963935407092365,83.6121321100556
LVA,Latvia,2001,2.11821599999579,2.48704003555464,19.9969799418946,38.7964180197711,27.1694812879386,49.3804097986537,6.46057826727287,6833.4354323157,13.821,-1.29148694354873,88.17682781842481
LVA,Latvia,2002,1.73089175825638,1.93887573855886,20.4785182670356,37.7563642169877,24.3012953068221,48.2208414608318,7.66548778586991,7443.22944659059,13.829,-1.1618382239436,85.9772056778195
LVA,Latvia,2003,2.81610339606913,2.94264752948478,20.835455684059,37.7379680624178,25.3765187818879,50.8435899794493,8.42913257059108,8149.00183600084,12.061,-0.966400801237561,88.5815580418671
LVA,Latvia,2004,4.27849106532647,6.19238547197429,19.3126756948458,40.6251502394093,29.4387765998433,56.6101153377655,8.72514341727928,8957.23393555082,11.708,-1.09131295557421,97.2352655771748
LVA,Latvia,2005,4.96633075101776,6.74845027893124,17.437210854651,44.80522716711,32.0297241247039,59.7119294358084,11.6153178557457,10106.2626157732,10.033,-1.08057145691172,104.51715660291839
LVA,Latvia,2006,8.34682590505321,6.53619908765872,16.9008690928343,41.9530774436297,35.3212529611428,63.7422646368257,12.825017846905,11507.4648265658,7.03,-0.91727295748817,105.6953420804554
LVA,Latvia,2007,9.22286409647281,10.0929775849169,17.4911469800984,40.3864425883711,38.113521636451,60.4944682834567,10.4145372792714,12810.0409502542,6.052,-0.816175506582982,100.8809108718278
LVA,Latvia,2008,4.20174399569372,15.4023191064986,19.8588585395504,41.2345321413157,33.4181287502584,54.5336307025414,-3.38871665849958,12506.6945041012,7.739,-1.0509395443743,95.7681628438571
LVA,Latvia,2009,-0.583936207217178,3.53410672858934,19.5444314393404,43.396059199176,22.9165263311155,45.4359902971932,-16.0400195313042,10675.425174228,17.515,-1.65102496759116,88.8320494963692
LVA,Latvia,2010,2.0239348136408,-1.08463595015155,18.5453993421988,54.3654555058681,19.5198322313546,56.4968983568515,-3.66125859554762,10500.8666223014,19.482,-2.08130508988111,110.8623538627196
LVA,Latvia,2011,5.71773309105869,4.37073559939223,18.4814717171812,61.8017435553003,23.7249741856312,67.933014459185,3.03634482668815,11018.5152421583,16.206,-1.82076700208005,129.7347580144853
LVA,Latvia,2012,3.98573894005036,2.25778924374585,17.1837423284686,63.8315149225803,27.0115757309662,69.3799887283773,7.30524057200897,11971.0107466522,15.047,-1.24035915329271,133.21150365095758
LVA,Latvia,2013,3.39352198804719,-0.029454778257828,17.8318299533986,62.5759802712611,24.9648880386504,67.1012046578385,2.09609028156248,12353.5386135301,11.867,-1.07103480329077,129.6771849290996
LVA,Latvia,2014,3.45179531513632,0.620490636732421,18.0845093164895,63.5721016274102,23.6442193799567,66.4701506175488,2.0949597710559,12731.6771959342,10.846,-0.941743354234222,130.042252244959
LVA,Latvia,2015,3.08543258338884,0.174242243625186,18.1780078834201,62.5955625575744,22.3075948914481,63.7844518484318,3.78336712084972,13321.9753140616,9.873,-0.818626340945853,126.3800144060062
LVA,Latvia,2016,1.23693505180815,0.140633334505327,18.0271762295427,61.9284196446641,20.1698787836187,61.4020987849952,2.55168601974034,13787.3367440023,9.643,-0.913885332226604,123.33051842965929
LVA,Latvia,2017,4.04880019492543,2.93036312374665,18.2882676366123,64.1399542639756,21.5265612714824,64.5740490649083,3.39894872623931,14382.8612727134,8.715,-0.886215573292392,128.7140033288839
LVA,Latvia,2018,1.32076900628522,2.53445424186598,18.1989712590393,63.8698186932234,22.9037634935095,64.3642768665985,4.30971286294503,15120.0698171804,7.412,-0.779138396192231,128.2340955598219
LVA,Latvia,2019,3.37100266711483,2.81140920075624,19.4780356655043,62.5368430163073,22.7240395466554,62.7547886916228,0.675372771884227,15328.3859933295,6.312,-0.695239140136066,125.2916317079301
LVA,Latvia,2020,2.81413557812427,0.219064904841985,20.9715428988302,62.6592422617585,23.0296116182607,61.2239557848013,-3.46922750780554,14900.7295718866,8.098,-0.701211570733301,123.8831980465598
LVA,Latvia,2021,9.77936027100744,3.27582937431165,21.8021068723088,66.8112769573847,22.9289576043746,69.985338457434,6.94254173062592,16070.1680032322,7.513,-0.843294678005026,136.7966154148187
LVA,Latvia,2022,3.20337891789771,17.3102830198815,20.7135716015577,77.5014838423287,23.2880754495724,82.3912943483203,1.90853419029801,16421.3748596,6.815,-0.271369577775699,159.89277819064898
LVA,Latvia,2023,3.94830779361871,8.9380462331663,21.002331879604,65.9896551482715,24.0227249766904,69.653334005995,-0.941606068823631,16229.3844520245,6.465,0.22997050070229,135.6429891542665
LVA,Latvia,2024,3.44085977034145,1.26579885828729,21.7064350426463,64.8634107408094,22.2448373054644,66.4461716549595,-0.0370556648288982,16376.2565245797,6.9,-0.93796839712162,131.3095823957689
LVA,Latvia,2025,0.501253304600754,3.74577316751945,22.9039708140553,62.573000305163,23.4687826182146,67.1514535681639,2.13786855731288,16892.3660713745,6.568,-0.987592806179397,129.7244538733269
MLT,Malta,1995,10.572840908647,4.42664550286654,17.8166828250798,85.3207449373729,25.832487169206,91.7416260564704,6.34249103035094,12336.7855166478,6.33,0.697143006602962,177.06237099384327
MLT,Malta,1996,8.18815660340072,2.05400000000009,18.9508573200427,77.1133395036722,26.0728254525045,86.9852585482281,3.77733599690488,12719.0092297471,6.329,0.656524533590292,164.0985980519003
MLT,Malta,1997,3.6174571280456,3.11207791953272,18.2062676589291,74.7808368272432,24.0030472653017,80.8783573644609,5.25698063086301,13286.7107759756,6.328,0.756792686540295,155.6591941917041
MLT,Malta,1998,8.06173977609875,2.38525135417661,18.0468115999103,75.3105376738916,24.8995974417476,81.7359734534724,5.12560250721334,13877.2477535633,6.326,0.649936278938043,157.046511127364
MLT,Malta,1999,16.2221760728818,2.13476888806386,17.6174566732878,80.2753047084641,22.7604075768523,84.8956716578701,4.71997491081015,14446.3492424862,6.325,0.592860773979805,165.1709763663342
MLT,Malta,2000,18.410214195279,2.36959287531806,17.6547949205984,90.2692253155718,23.7203450480902,99.3319949283847,19.6812693530689,17178.3693621174,6.324,0.645267230900854,189.6012202439565
MLT,Malta,2001,10.2407951566631,2.92949244324104,18.85647719602,78.4583106690861,21.3718870290739,82.8670475673976,-0.757203651807174,16920.7229743513,7.107,0.75110649818537,161.3253582364837
MLT,Malta,2002,-11.1735639287223,2.18849048060549,18.7627487136674,82.5178193655691,17.4455981179226,80.0062569392225,2.74113503379645,17255.4217709726,6.902,0.745506921127166,162.5240763047916
MLT,Malta,2003,16.8221034288909,1.30383777442602,18.8154468137918,75.4562627383458,21.8553956229669,79.1178996353771,3.69331066307235,17775.4180936551,7.488,0.657732334391546,154.5741623737229
MLT,Malta,2004,122.360207462303,2.79082848067754,18.8545751560301,75.0974303915811,21.1441625763189,80.7924877893561,0.407354423655889,17728.3576050982,7.317,0.67162845452858,155.8899181809372
MLT,Malta,2005,341.007652103804,3.00796652450313,18.1707559769218,74.2235628621221,22.5436881717914,83.3249350443162,2.88123652429068,18123.2601873346,6.923,0.637436918202842,157.54849790643829
MLT,Malta,2006,370.903560623921,2.77378006481472,18.486622977518,89.1792181327592,20.444752606567,93.254835874088,2.33618870316785,18479.2043785147,6.798,0.364336947162944,182.4340540068472
MLT,Malta,2007,450.045795914123,1.24921923797629,17.8893288077612,90.8534937241383,21.9768516994588,93.9778389988305,5.03640177981643,19342.3162783941,6.472,0.348755082369901,184.8313327229688
MLT,Malta,2008,161.765413580926,4.25862171897073,19.4348821799328,91.4724030900233,20.215753250309,94.2771199815282,4.41059689827608,20064.4517895547,5.977,0.650655460565174,185.7495230715515
MLT,Malta,2009,16.4753471685722,2.08432746082343,19.2964377524146,81.0328794776996,19.7299959102338,82.5239702206494,-1.39524956144803,19635.9067186725,6.896,0.753906931031973,163.556849698349
MLT,Malta,2010,101.626394392913,1.51563513618532,18.5800552123255,89.6241280016126,20.8223023250876,88.6088266359999,6.19734978656928,20750.6382477568,6.861,0.49118281065151,178.23295463761252
MLT,Malta,2011,79.748918912388,2.9629852819288,18.9138999756072,97.441170956521,17.9891677791302,94.5861703020889,0.992201768011597,20867.9213022084,6.388,0.423700885195294,192.0273412586099
MLT,Malta,2012,34.5864948714194,2.37582057760386,19.1551653968787,100.799142826277,19.7766671515499,98.4147219640338,4.10167460261891,21529.3882643778,6.203,0.899209211902256,199.21386479031082
MLT,Malta,2013,4.72416532328184,1.1802843636655,17.9887121821722,97.6696264852064,17.295519395782,89.7626259113007,6.29233378116625,22626.4876843887,6.115,1.13206344183411,187.4322523965071
MLT,Malta,2014,1.31122424310897,0.310306472181665,17.8590769499522,96.9298164447423,16.8400418431999,84.3713102569927,7.6313628225042,23866.0555833557,5.737,2.02059558233422,181.301126701735
MLT,Malta,2015,32.1027480550593,1.10054826378929,16.9310061743713,108.732584061859,23.6633678012352,98.4634365431974,9.62070302842181,25529.6693210673,5.389,2.44719692467224,207.1960206050564
MLT,Malta,2016,23.0840309905395,0.642702771527304,16.9417846532264,113.166261070801,21.3159030077911,100.193210915029,4.07800422216982,25969.4999809345,4.694,2.28889794467689,213.35947198583
MLT,Malta,2017,299.824774271215,1.36435448150708,15.823806881305,116.626497475998,18.6979234423009,96.4210938291986,12.9713425287845,28546.6464943104,4.008,2.73472979835887,213.0475913051966
MLT,Malta,2018,452.220863014151,1.15782362451517,16.0277302966214,123.349303772613,19.1114207630391,104.749247332562,7.18921425536917,29536.7913868949,3.956,3.53282607673569,228.098551105175
MLT,Malta,2019,198.199646841408,1.6420600176894,16.8902820429069,124.520039315181,20.0768740430803,108.550401626777,4.0850557312243,29522.6480165028,4.08,4.05171762437788,233.070440941958
MLT,Malta,2020,191.921868144409,0.638544956776712,19.6916331651999,129.954117426949,19.9359603401695,112.407072946978,-3.45728232537419,27861.80732148,4.856,2.2716254974907,242.361190373927
MLT,Malta,2021,433.606839879867,1.49789217934724,18.3296666406901,118.784056780784,22.310675770455,101.288238009316,13.3509818925498,31419.5031714693,3.754,0.51468710034629,220.0722947901
MLT,Malta,2022,114.989519881534,6.15375621933037,17.6104265824474,128.299452871314,24.9115920110315,116.282082647569,2.59276776884379,31447.3917315418,3.471,2.47100289980875,244.58153551888302
MLT,Malta,2023,108.735270770721,5.09396758978883,16.3915545190396,119.748336901667,19.1084263648876,101.384959473926,10.6340558017004,33429.8172092336,3.479,3.99255876861009,221.133296375593
MLT,Malta,2024,170.053519530959,1.65079469283109,16.8524465459638,118.481460190952,18.5108507263352,99.2488124927064,6.21275996991034,34501.7892727094,3.1,2.87111128593908,217.73027268365843
MLT,Malta,2025,,2.36351752252186,17.5308822811386,119.109581237895,17.7892518268965,99.9047898051853,3.96156139018959,35196.832938458,2.896,1.8906123268828,219.0143710430803
NLD,Netherlands,1995,2.69471320466118,1.92322457166359,22.295716778979,57.6919813836234,20.9073665583943,50.2248266834731,3.11603593857495,33916.4887954068,7.157,0.49392737251493,107.9168080670965
NLD,Netherlands,1996,3.67863987970945,2.11378787066774,21.2655661743412,57.7981465392412,21.5273675065161,50.8664929047205,3.42063535269868,34915.1788311903,6.421,0.461395747607711,108.6646394439617
NLD,Netherlands,1997,2.64268189930439,2.10924562739483,20.8840556186766,60.7658388789699,21.6512470919223,53.5291889844722,4.24847396941847,36211.6548633578,5.511,0.514767002117464,114.2950278634421
NLD,Netherlands,1998,8.57679525462927,1.95913632274257,20.7183180992759,59.6772355314445,21.8063565149339,52.7308599201193,4.64770326997895,37661.7102516626,4.394,0.616640530679659,112.40809545156381
NLD,Netherlands,1999,9.19246841685971,2.1571791805505,20.4954027557284,60.2958992533494,22.8662622012029,54.0318415396663,5.04334216651563,39298.7167162926,3.622,0.665493187073143,114.32774079301569
NLD,Netherlands,2000,15.1107005401962,2.36052233801958,20.5010714498962,66.4429411465509,22.5278698603024,59.22408893587,4.21970034558892,40665.3000211594,2.725,0.714770362784392,125.6670300824209
NLD,Netherlands,2001,12.0218639579935,4.15584127195612,20.8986190859753,63.3725444723061,22.0921396195394,56.1029194042336,2.32358454925847,41297.284710124,2.119,0.754840057734904,119.4754638765397
NLD,Netherlands,2002,5.359292335364,3.28753104712766,22.0192443443143,60.1048715353519,21.0144740217259,52.6451528233191,0.24582951723049,41135.4020353856,2.554,0.638291666268526,112.750024358671
NLD,Netherlands,2003,3.5122237802764,2.09199838997655,22.8321560843735,59.2393489233853,20.5161768961412,52.0651542723747,0.0978549395212411,40981.839972092,3.593,0.471814398788212,111.30450319575999
NLD,Netherlands,2004,21.160832133529,1.26364739183177,22.514499419647,62.5959181523516,20.1789782400536,54.3622418745873,2.01628331561487,41663.1290344572,4.646,0.347475412048658,116.9581600269389
NLD,Netherlands,2005,30.5011693880359,1.6881301786962,22.3099063136162,65.5858924432585,20.3123361573035,56.6699570799932,2.03401576512488,42411.3480862811,5.872,0.23366314793854,122.2558495232517
NLD,Netherlands,2006,50.9095810861305,1.10150106517709,23.2049352789372,68.1457296355057,20.9095675502686,59.0498839038274,3.53729585853395,43841.0915818567,5.007,0.160613668857538,127.1956135393331
NLD,Netherlands,2007,85.9785548363802,1.61385859802102,23.246437316848,68.7100477700614,23.1038497049496,61.0881939705351,3.88542348324803,45445.542186196,4.153,0.217521601194242,129.7982417405965
NLD,Netherlands,2008,20.4123384575226,2.48650198289457,23.4554329117656,69.6056649864348,21.931094627813,60.5463849936819,2.11674514240192,46227.1987545514,3.658,0.389292461499527,130.15204998011671
NLD,Netherlands,2009,23.1185529746283,1.18977687021548,25.9565230500196,61.6018141050156,21.0824646565308,53.507846258091,-3.66528147002826,44304.4041948677,4.352,0.514284544827762,115.1096603631066
NLD,Netherlands,2010,6.47724170250418,1.27530569556679,26.2370494322123,69.2873649735157,19.4400813658009,60.7943429618271,1.31935287897116,44659.2793901474,4.991,0.512923100553586,130.0817079353428
NLD,Netherlands,2011,39.0408469194559,2.34107017751373,25.7353131721475,75.1751870770854,19.9314647728018,66.5819122486902,1.77330320575034,45239.7198745589,4.977,0.466428782200821,141.75709932577558
NLD,Netherlands,2012,30.9042384931276,2.45554765291614,25.9821764970406,79.5755903693531,18.5904058143633,69.8176326887784,-0.977826121310997,44631.8855633239,5.821,0.370055034770235,149.3932230581315
NLD,Netherlands,2013,36.6955717929323,2.50689852657875,25.7475205351227,80.3711722486241,18.1992196127512,70.2806779783252,-0.0302410184270769,44487.0378593394,7.241,0.294820793441482,150.6518502269493
NLD,Netherlands,2014,15.9879956344505,0.976035079699679,25.6143654761747,81.3822615368973,17.3898179706967,70.3336295196036,1.61255885112396,45042.0515907444,7.419,0.359828172726548,151.7158910565009
NLD,Netherlands,2015,48.4706196279081,0.600248147278776,24.8594414846069,83.9918475345943,21.8068437801695,76.3339650302142,2.12064007193544,45793.8135434697,6.872,0.443220089035769,160.3258125648085
NLD,Netherlands,2016,34.7918547450687,0.316666666666652,24.5064046933037,80.9095011629118,19.2941993265526,70.0560280487382,2.42428065449427,46655.0340264754,6.007,0.532178879608489,150.96552921165
NLD,Netherlands,2017,23.7131758376085,1.38145871407216,24.1682548434397,85.1795472131327,19.7582508613445,74.4665124437146,2.78150834679987,47670.0858101833,4.837,0.591203366164118,159.64605965684729
NLD,Netherlands,2018,-30.6576768564655,1.70349794744479,24.2163772922481,87.0564594492635,19.9510208021868,76.5026871237804,2.25873158164956,48463.0055608731,3.832,0.583933408920832,163.5591465730439
NLD,Netherlands,2019,-13.7565327156949,2.63369910249591,24.3757584960597,85.3209394926528,20.9075559765573,75.3557323923463,2.3001616053659,49254.024789064,3.379,0.65507157480522,160.6766718849991
NLD,Netherlands,2020,-23.6860117625863,1.27246037789161,25.689222904161,81.2415259478997,21.2739585259834,70.9917044618066,-3.86799714191608,47086.5674755497,3.82,0.55554079025497,152.23323040970632
NLD,Netherlands,2021,-10.9725941589172,2.67572008805385,25.3907240199652,86.4500028041052,20.6858841343727,76.7048398855925,6.27683593745216,49780.8328352542,4.209,0.523490508168757,163.15484268969772
NLD,Netherlands,2022,1.47701805979237,10.0012078753473,24.3402225755167,96.4436215813729,20.4686965446459,87.6638626713087,5.00723453395074,51777.5314828276,3.526,0.953278922854537,184.10748425268162
NLD,Netherlands,2023,-30.2430732965592,3.83839354342808,25.1241509408808,87.4860612893795,20.3464703994637,77.5443681895531,-0.598061017580278,50960.7810305308,3.535,0.990139686700227,165.0304294789326
NLD,Netherlands,2024,-1.40518243891316,3.34754304219953,25.7530027827734,82.4976839942829,19.8576425513779,71.4586065803986,1.07383137319854,51174.8997297902,3.7,0.648823280021657,153.95629057468147
NLD,Netherlands,2025,,3.2595766451366,25.8706965402753,80.6693413415314,19.7973136813689,69.4506290177353,1.78463214703797,51817.0590609265,3.874,0.521869714098474,150.1199703592667
POL,Poland,1995,2.56163380699288,27.951388563304,18.8197389579682,22.8537362037756,17.6302972738112,20.7014818942148,7.92965956313934,5671.89573674798,13.695,0.13572103385363,43.555218097990405
POL,Poland,1996,2.79828077717913,19.7949669196707,18.4388608015352,21.9840947671415,19.5780131375009,23.392639678205,6.09387747385628,6012.95806433166,12.684,0.0760741823645528,45.3767344453465
POL,Poland,1997,3.07078506843855,14.91315861496,18.0280314834487,23.2551841461345,22.2441969794351,27.1211944944015,6.35890635030509,6391.13172823376,10.964,0.0654553694247315,50.376378640536004
POL,Poland,1998,3.64155485442631,11.5978554257236,17.641042982652,25.8603424954365,24.0035720382944,30.685713160072,4.62161133761769,6684.11477782234,9.935,0.0357533013623718,56.5460556555085
POL,Poland,1999,4.33907837915662,7.15407291179853,17.8063298597319,23.996792689932,24.3244640085765,29.9012260725366,4.69918479192557,6998.79475144289,12.29,-0.0083027528251411,53.898018762468595
POL,Poland,2000,5.39740366105294,9.90017538843065,17.9874386199245,27.0732197283645,23.8127420447032,33.5375012139652,4.65633252988236,7401.57697647848,14.928,-1.04433539837844,60.6107209423297
POL,Poland,2001,2.95949603020482,5.4083354556615,18.5515181999351,27.0572580080351,20.5657674406759,30.8212732632544,1.23374464400356,7494.96089503246,18.435,-0.0275871247282958,57.8785312712895
POL,Poland,2002,2.04862965818155,1.90528215048054,18.563380627424,28.6233983013403,18.5432520005891,32.1734007560509,1.90119437968586,7640.99307757777,20.211,-0.0463189372499392,60.7967990573912
POL,Poland,2003,2.45743497066474,0.682701375787632,18.8451542998185,33.2386667780391,18.2509197048003,35.9747812061398,3.52337117234833,7915.55424389704,19.899,-0.067492701646486,69.2134479841789
POL,Poland,2004,5.41150845702569,3.38264681884699,18.2343847850137,34.0621696099277,18.5995674990585,36.9194069594885,5.09079546409544,8323.38773754587,18.822,-0.0585127351273288,70.9815765694162
POL,Poland,2005,3.59641795552772,2.18379872390251,18.2841316711182,34.5254622754817,19.1151050092974,35.7860168147767,3.26082274679216,8598.57681241557,17.592,-0.043948953332248,70.3114790902584
POL,Poland,2006,6.20790606582043,1.28469394366416,18.4712705252125,37.6580412251077,20.6873646209386,40.0427623151275,6.20210710934373,9137.65850849801,13.794,-0.0633705742926632,77.7008035402352
POL,Poland,2007,5.82502177093229,2.4587431238539,18.1666848826749,38.4711164171074,22.6927183608956,42.2742826395837,6.7604478527626,9760.7042604352,9.551,-0.0543050208038707,80.7453990566911
POL,Poland,2008,2.7209993736918,4.16497193524779,18.6262756515519,37.6687727009599,23.2187374798418,42.9059088559607,4.38377069274605,10187.2017910883,7.069,0.0136373796827091,80.57468155692061
POL,Poland,2009,3.18105494953636,3.79539242483399,18.7077470624667,37.0040504665451,21.6390287021933,37.9645460598818,2.61512859291683,10446.5289138524,8.131,0.067763227021235,74.9685965264269
POL,Poland,2010,3.94489462074706,2.58069370250548,19.1492387195228,39.8922068463219,19.610376998578,42.3336454756702,3.16892748258036,10808.3975674238,9.578,-0.285609121534849,82.22585232199211
POL,Poland,2011,3.57128957712437,4.23940149625932,18.0778612921893,42.31819097341,20.3980983864419,44.6054983103518,5.25546256612796,11370.313427173,9.576,0.0537697088781007,86.9236892837618
POL,Poland,2012,1.52886091421625,3.56037151702793,18.0086571547278,44.0229016385965,19.4237357928102,44.8070016680619,1.51178167644575,11542.2353368014,10.031,-0.0002390760032983,88.8299033066584
POL,Poland,2013,0.258983446617592,0.991982606332335,18.3308014321931,45.7672881629144,18.8010145515116,44.6502190786485,0.684240607051805,11628.2286809525,10.293,-0.0603600174744649,90.4175072415629
POL,Poland,2014,3.85089176515991,0.0538213132399802,18.2380268801328,46.2206720325579,19.9847969664101,45.8133476787599,3.92050862390032,12093.1622787394,8.971,-0.0748462292920506,92.0340197113178
POL,Poland,2015,3.29546177974363,-0.874125874125862,17.9050312672003,47.1616367257527,20.2410635932191,45.0937905484415,4.43176700264478,12637.5220324406,7.475,-0.0666411009657168,92.2554272741942
POL,Poland,2016,3.81608721408819,-0.664767331433962,17.8215503011855,49.906428862355,18.3470170850393,46.9594739437073,3.03117767594847,13026.1858988718,6.141,-0.04298513087435,96.86590280606231
POL,Poland,2017,2.37812815599278,2.07593553673859,17.5668407420539,51.6925275786294,17.4740439375091,48.8733676676502,5.15245773325907,13695.6452848724,4.867,0.0124800985844923,100.56589524627961
POL,Poland,2018,3.34803954559233,1.81295156542689,17.4696531502565,52.232575443975,18.7557477298941,50.2098867240303,6.2458584723942,14551.0850277089,3.835,-0.0002001327828384,102.4424621680053
POL,Poland,2019,3.15455649244208,2.22747880938291,17.8183081676231,52.6128934811742,19.1456176918134,48.9681403361987,4.58045817256199,15221.3090624454,3.267,-0.0244271070993493,101.5810338173729
POL,Poland,2020,3.31499059495462,3.37446972618589,18.8371621590167,52.4338855199248,18.3974922436708,46.8252057104188,-2.03556882399977,15090.2228440113,3.155,-1.19164026205913,99.2590912303436
POL,Poland,2021,5.44306737738578,5.05502704719272,18.523151073936,57.0379760723016,16.9279336078133,53.836306949643,6.92718266052501,16368.6239689025,3.268,-1.4341408496549,110.8742830219446
POL,Poland,2022,6.00626096603428,14.4294507575758,18.1191286260219,62.3525162455456,16.4361707273812,60.6688166147992,5.25545697386036,17303.64494323,2.811,-0.433070695882457,123.0213328603448
POL,Poland,2023,4.38918673390545,11.5289127961105,18.9482308008084,57.8812710195434,17.9012869831235,52.1436640222717,0.249610834017872,17410.3830137066,2.743,-0.365658526875775,110.0249350418151
POL,Poland,2024,2.24523191798779,3.79060897630197,20.813498102606,52.1798133919011,17.0407167835613,48.1796294552629,3.02841630700273,18000.5034591285,2.807,-0.349832361234927,100.35944284716399
POL,Poland,2025,1.93405687091201,3.81419531520146,21.3122462448735,49.9505650987029,17.0286414261905,47.07961715558,3.5727250346774,18706.7393120197,2.976,-0.338028518667454,97.0301822542829
PRT,Portugal,1995,0.579546715045669,4.22281614099488,17.4618341842831,26.7697318737852,23.2815275215569,33.1447402882201,4.28278017236022,15811.7171369279,7.064,0.346203938301886,59.914472162005296
PRT,Portugal,1996,1.28145373512428,3.06897732509786,17.6785052834986,26.5484648796224,23.8237858649358,33.6613401675442,3.50424653058748,16304.3794463959,7.298,0.375996187340096,60.209805047166604
PRT,Portugal,1997,2.31647209170026,2.33686298314114,17.5986270430767,27.1541447475915,25.9973618932139,35.1508067548668,4.40086766458026,16946.086865108,6.571,0.446460604971181,62.304951502458294
PRT,Portugal,1998,4.89835270210409,2.57275225909131,17.8021599541733,27.3316272273762,27.3482230413821,36.4992716296598,4.80796318953165,17671.3135082912,4.64,0.505389233382722,63.830898857036004
PRT,Portugal,1999,0.581077558591109,2.34009490312169,18.0070115955408,26.4819747246951,27.5911355459617,36.8323550925286,3.90657779623113,18258.0911720943,4.579,0.565630442435222,63.3143298172237
PRT,Portugal,2000,6.14861920837231,2.85303039287156,18.8019019199904,28.2046205938904,28.0030505913879,39.2483773924343,3.81617714108242,18822.0933092937,3.806,0.702859953319024,67.4529979863247
PRT,Portugal,2001,5.02761444190448,4.36990330551792,19.188733031128,27.4373261135265,27.3815897887365,37.6546290635856,1.94367213427915,19053.089945659,3.829,0.705230637323876,65.0919551771121
PRT,Portugal,2002,0.436137292252839,3.60034658290915,19.4926040198461,27.0733622325977,25.8571046731868,35.2348971843795,0.770924781247714,19095.1102477398,4.497,0.547667939660689,62.308259416977194
PRT,Portugal,2003,6.26697257909762,3.21899090682895,20.0456537125368,27.3671918978917,23.7604429031882,33.7717555904736,-0.930521045062918,18846.5411893632,6.132,0.375411414855816,61.138947488365304
PRT,Portugal,2004,1.312247289237,2.365362040973,20.3613157467388,27.6670515552519,23.4240673865132,35.5375421117759,1.78873552917291,19137.8370898949,6.319,0.239128989611917,63.204593667027794
PRT,Portugal,2005,1.70741232717781,2.27716394887838,20.9210881701519,27.0841675459537,23.1265756274961,35.8603370144983,0.781847569123585,19251.71450683,7.582,0.185532266654625,62.944504560452
PRT,Portugal,2006,6.41633004151996,3.1076654587105,20.2576380318042,30.3574044411002,22.5328535552248,38.1896486771007,1.62503532956156,19529.3122100477,7.649,0.18033244147767,68.54705311820089
PRT,Portugal,2007,2.50093088549298,2.45396528138746,19.5463136710007,31.1941845713373,22.5096224343179,38.7519330104618,2.50657937751231,19979.5706280792,7.965,0.196304384487306,69.9461175817991
PRT,Portugal,2008,2.96892594201258,2.58850657657956,19.6817228650403,31.2610790783868,22.8522358901842,40.8146638437736,0.319247344434558,20014.4749330004,7.553,0.144191279853498,72.0757429221604
PRT,Portugal,2009,2.35133912553896,-0.835530021504157,21.257130539027,27.2937427180784,21.2015952644164,34.1989508086976,-3.12207827545093,19371.1318876855,9.432,0.0953308592370666,61.492693526776
PRT,Portugal,2010,3.77376819569615,1.40257289895372,20.5778304079925,30.0275851235273,20.648039322463,37.6616550692709,1.73762453640036,19698.6836791397,10.771,0.0459100367184907,67.6892401927982
PRT,Portugal,2011,4.23648756430888,3.6530110043073,19.6880907242137,34.4115130933228,18.4841132585209,38.5960625767303,-1.71352745905065,19389.6395896162,12.715,-0.147084878575482,73.0075756700531
PRT,Portugal,2012,7.21535195239496,2.77333854051576,18.3085972810407,37.7235057219779,15.8781657037328,38.2176009968034,-4.05090267621935,18679.7626789594,15.509,-0.405421787747567,75.9411067187813
PRT,Portugal,2013,6.43654323197598,0.274416666666663,18.8044323768764,39.5639503324812,14.8309176782448,38.466555354947,-0.984106574148328,18597.7214623964,16.237,-0.548815210952228,78.03050568742819
PRT,Portugal,2014,5.43851031792652,-0.278153367467428,18.3726660197423,40.1850905816292,15.1107479627964,40.0355784904498,0.741391420706506,18836.8967978906,13.88,-0.539190466792077,80.220669072079
PRT,Portugal,2015,0.63522205292535,0.48793862390472,17.8503960269645,40.6876664090066,15.6540732098538,39.9470092176377,1.58979803702681,19215.7813014347,12.405,-0.414141101993213,80.63467562664431
PRT,Portugal,2016,3.56282992803299,0.607397074641719,17.5903022044407,40.3550889260564,15.7267272276065,39.1672575583436,2.00414129666575,19662.82312462,11.058,-0.315459016997883,79.5223464844
PRT,Portugal,2017,5.02041551787587,1.36861411643482,17.2032681889607,42.9426786480198,17.085659362742,41.8651136589341,3.31472008175986,20364.1962735946,8.878,-0.243889410358812,84.8077923069539
PRT,Portugal,2018,3.46584287446499,0.993715683468233,16.9606528067156,43.677580570852,17.8287896047353,43.0581149209879,2.94628343449202,20997.7745987013,6.966,-0.160104021146769,86.73569549183989
PRT,Portugal,2019,4.5038935303436,0.338178410046124,16.9462589368138,43.6531259432991,18.4328254718014,43.1178629650595,2.74568432648596,21569.1874752919,6.422,0.0237334946497115,86.7709889083586
PRT,Portugal,2020,1.8141455418251,-0.0124383299576209,18.8833856660288,37.2560151344529,19.4962993707914,39.2526255864686,-8.20463159324387,19778.7139525722,6.85,0.10511412524675,76.5086407209215
PRT,Portugal,2021,3.60836004516304,1.26565719069044,18.5337188379276,41.5484271843512,20.5029780421601,44.3251180305463,5.55875672070374,20747.6990734163,6.712,0.626850165433157,85.87354521489749
PRT,Portugal,2022,5.08368921917484,7.83269124233323,17.4032292712334,49.4816822004506,20.5732413117937,51.8824642789839,6.98584137580278,22042.8680283647,6.138,0.697256448023043,101.36414647943451
PRT,Portugal,2023,3.96325428743124,4.31128191898681,16.7000067670882,47.1554769314882,20.4859520223246,45.9803767757157,3.09998745904281,22417.1634060906,6.498,1.36912985956796,93.13585370720389
PRT,Portugal,2024,4.29974090969256,2.41613187791876,16.8494898224599,45.8196856112127,20.4281161978824,43.8418780958391,2.21459232301109,22663.993126225,6.5,1.09536933248007,89.6615637070518
PRT,Portugal,2025,,2.33601620316701,17.0486927497727,43.6580888492067,20.6950625491652,42.7407881300597,1.86448007464475,22851.1179216572,6.164,1.02505359028502,86.39887697926639
ROU,Romania,1995,1.11941807479042,32.2424847257597,12.2487057525031,25.6300423094106,21.1612750637269,30.6611830867474,6.23351148371351,4572.25803354276,8.01,-0.20231879638046,56.291225396158
ROU,Romania,1996,0.712021742757537,38.8293013382852,11.6731209989726,26.4574936115282,22.9027810708045,34.3238757606892,3.90770208816159,4764.63682106299,6.74,-0.288129485530899,60.7813693722174
ROU,Romania,1997,3.41529919490512,154.763480436309,12.6917149344512,28.1971443249242,21.8356006447034,35.0080980074588,-4.8490627379703,4546.66753054721,5.515,-0.287897951541563,63.205242332382994
ROU,Romania,1998,4.87096009208894,59.0965827541167,11.8926601761255,23.0154805621533,18.8114905816898,30.8233151479287,-2.02981290571721,4463.60791806212,5.63,-0.206980241940766,53.838795710081996
ROU,Romania,1999,2.89543420938062,45.8037811326363,16.7184869681314,26.6618172055494,18.0481584141174,31.3118578394381,-0.376660705758994,4453.78126046181,6.239,-0.156978616024445,57.9736750449875
ROU,Romania,2000,2.78361317174685,45.6665940440238,16.8590050338122,21.58888431382,19.1198309450237,26.9324410712586,2.4612634592269,4569.31124324524,6.969,-0.129440039806255,48.5213253850786
ROU,Romania,2001,2.8642076020901,34.4770123493527,15.7967278693328,22.105963469215,21.0397013750581,29.8226275519331,5.21813625673708,4875.30310600635,6.561,-1.39542998635748,51.928591021148094
ROU,Romania,2002,2.48342020141655,22.5398862605386,14.8243105242938,24.0130293587441,21.4637013492348,29.6972184551935,5.70299165043771,5248.54994632668,8.112,-1.83065499370162,53.7102478139376
ROU,Romania,2003,3.18995908035532,15.2734889936255,16.0448025610991,24.2127350487918,22.7401238865013,31.9667919982326,2.34114732919521,5410.30835796252,6.95,-0.7212622974018,56.1795270470244
ROU,Romania,2004,8.59368512961184,11.8743635936399,14.7275942495003,25.743936265036,22.2953038620972,34.8825424019048,10.4281130180976,6008.64048461485,7.719,-0.569786272532879,60.6264786669408
ROU,Romania,2005,6.60067175776297,9.01491283343835,16.2399747055988,24.5352206061523,23.3629492100554,34.8253288429032,4.6681480508487,6328.09022324183,7.174,-0.61753095660306,59.3605494490555
ROU,Romania,2006,9.02006052535516,6.55851412276983,15.9232658405555,24.7712264990404,26.6161477360716,36.9123994274755,8.02881107599163,6876.77841417966,7.27,-0.592402560029107,61.6836259265159
ROU,Romania,2007,5.78679016158104,4.83732928313989,15.3905496262431,24.710829049515,35.3425758725047,38.7943276239508,7.23380774362805,7483.97375820611,6.413,-1.47722298197717,63.5051566734658
ROU,Romania,2008,6.37741866098849,7.85080255714482,15.8802915132391,26.155499661561,37.2870677770874,39.0197013363802,9.30746717077338,8318.00342795388,5.787,-1.66638264306554,65.1752009979412
ROU,Romania,2009,2.66364407064905,5.58742004264393,16.1008182783231,26.022377022811,26.0040880012718,32.4476813438419,-5.51670615843011,7924.87058070212,6.859,-0.833088754778975,58.4700583666529
ROU,Romania,2010,1.88971859139686,6.09141668601891,15.0223287183306,31.6415933092484,25.6712631661725,38.3133421840234,-3.90581157302972,7660.70667630517,6.959,-0.593959183588628,69.95493549327179
ROU,Romania,2011,1.23042689104897,5.7892532881588,13.5263054824729,35.2366088533551,26.7682443996015,41.0347475882739,4.49558909946313,8044.57194920892,7.177,-0.491866212866043,76.271356441629
ROU,Romania,2012,1.70143772893217,3.33492267693442,13.7701345444659,35.708362986259,27.0083434921936,40.8859610051082,1.90361696799603,8234.28553425194,6.794,-0.445177936198383,76.59432399136719
ROU,Romania,2013,2.03100513989555,3.9847123554813,14.2828758426557,40.2453636124718,24.4051301861521,41.1522495622465,0.278771877470234,8287.95844089676,7.096,-0.371323062878035,81.3976131747183
ROU,Romania,2014,1.9372882717301,1.06830987684298,14.1783362360873,41.4767119396626,24.6126580007624,41.8984310178575,4.11600109267832,8661.47397274241,6.802,-0.374575497762261,83.3751429575201
ROU,Romania,2015,2.42725822119064,-0.594156437495203,13.9413929099012,41.3491935848306,24.9221877637539,42.1713831168849,3.1570360543854,8977.01748158196,6.812,-0.470052227864654,83.5205767017155
ROU,Romania,2016,3.37417569649644,-1.54479666813897,15.3089409783507,42.4163351743737,23.0378667704786,43.4761931163147,2.85993252302089,9286.87678236598,5.901,-0.573660845379617,85.8925282906884
ROU,Romania,2017,2.8327307446025,1.3390212110439,15.6975535819589,42.334274206143,22.8776875524148,44.8217903606371,8.19547826641261,10106.2269557253,4.927,-0.578007015146885,87.1560645667801
ROU,Romania,2018,3.03714660753952,4.62548443137779,16.7401011406337,41.7841912043995,21.2109721093098,45.3069789051814,5.39452228185675,10714.1701157127,4.187,-0.587493307403584,87.0911701095809
ROU,Romania,2019,2.94522918789332,3.82785432599438,17.5583336108956,40.3352034270657,23.2590450793581,44.5711596314136,3.96028958497598,11197.3162915853,3.912,-0.526814821936341,84.9063630584793
ROU,Romania,2020,1.43737626680298,2.63107311184743,18.8744011544391,36.9711409958175,23.4616307778484,41.3905053604534,-3.59802546034757,10854.049431887,5.035,-0.550759892541776,78.36164635627091
ROU,Romania,2021,4.12832844182863,5.05232876096582,17.8062190423497,40.6943872735548,24.5030039238951,46.3768092724597,5.58735072538869,11546.3224998072,5.59,-0.746036478523061,87.0711965460145
ROU,Romania,2022,3.88649421607456,13.7954887432521,16.656923765154,43.5131053942163,25.1239601854055,50.4365455441284,4.18771305104109,12076.3033811896,5.614,-0.385412679960785,93.9496509383447
ROU,Romania,2023,2.50426860654842,10.3971874764996,17.1999939148178,39.2445975462886,26.547940234961,44.1307348599346,2.25773416555121,12340.8170509969,5.589,0.0659152146414443,83.37533240622321
ROU,Romania,2024,1.87134949618788,5.72140574354439,18.5142332808639,35.6030266999465,25.2916623299005,41.6119570939538,0.916003764382594,12459.9112061891,5.4,-0.0485820204761977,77.2149837939003
ROU,Romania,2025,2.18672174987663,7.18903362292063,17.3026639620886,35.4843123183415,25.6090244812044,40.7304740245655,0.677829835052762,12565.1650433306,5.992,-0.165649007627974,76.214786342907
SVK,Slovak Republic,1995,1.1628674967084,9.84109579837761,24.9064833500493,53.3188330951551,26.5113642258876,53.9163550193964,5.8434942995335,7755.6233338553,13.109,0.29263220653253,107.2351881145515
SVK,Slovak Republic,1996,1.60452194657012,5.7758278615594,26.2300703382772,48.8972317897244,33.5259973488921,61.9204724259741,6.11957878556568,8212.83193942756,11.341,0.211674396431709,110.8177042156985
SVK,Slovak Republic,1997,0.802237957496426,6.14198999595657,23.639338747669,53.520673025244,35.7095364907817,63.7674607198646,5.48584018546269,8647.39434311517,11.894,0.184629991205462,117.28813374510861
SVK,Slovak Republic,1998,2.82219179378521,6.66565123195822,23.6894405422475,45.4890316114522,37.4903361475626,56.417186139942,3.82610773560614,8966.21926231252,12.421,0.13412159848536,101.9062177513942
SVK,Slovak Republic,1999,1.62825325497381,10.5704416075224,21.3836091364073,46.4024984014894,31.4454436087114,51.1277537787617,-0.473261209621114,8914.68326467255,16.099,0.102053161046239,97.5302521802511
SVK,Slovak Republic,2000,10.5840304918035,12.0357805974299,20.9286351185658,53.305266831721,26.9076819797917,55.6339961270251,0.78922447792516,8997.21199594319,18.546,-0.135376487794425,108.9392629587461
SVK,Slovak Republic,2001,7.16911283154777,7.32962019115532,21.067522825733,57.2605092112671,29.7492996540798,64.6706220116446,2.92516077248489,9277.35808851002,19.148,-0.18301227099618,121.93113122291169
SVK,Slovak Republic,2002,17.0074822919687,3.12714222984609,20.521058992739,57.0983859090013,28.4571029898706,63.5007821368864,4.41725348271514,9690.68468262889,18.541,-0.0363525509687338,120.5991680458877
SVK,Slovak Republic,2003,2.87070802571882,8.55414305406653,20.5682257441051,62.7757965063135,25.3106835058969,63.2227097144907,4.85669851591319,10168.02256533,17.549,-0.0658215070322074,125.99850622080419
SVK,Slovak Republic,2004,9.45863522150628,7.54850088183423,19.1576128222425,69.3444966416003,24.721622234297,70.8779633799851,5.38949856996771,10718.2101858841,18.206,-0.0203617202597358,140.2224600215854
SVK,Slovak Republic,2005,8.03605835400406,2.70908494588383,18.8859110536787,72.6301406940614,27.0979138790485,76.0753204676849,6.48493222274386,11412.1593630008,16.276,0.0098091341730871,148.7054611617463
SVK,Slovak Republic,2006,9.98305386037355,4.48333120449615,19.3874715922502,81.2803496633307,26.3756839954384,83.711856062905,8.92568704770216,12430.2015488557,13.395,0.0045971188356826,164.99220572623568
SVK,Slovak Republic,2007,6.56747727493293,2.75672371638135,17.7282470683963,83.3772425819148,26.2297796014925,83.2027826349668,10.8186295074904,13770.9602691527,11.16,0.0291784011934372,166.5800252168816
SVK,Slovak Republic,2008,4.79998733472882,4.59817976325028,18.0756234497765,80.2044674152301,25.6301340300419,82.2600055764106,5.36337721231949,14497.1114407172,9.514,0.0857552995195914,162.46447299164072
SVK,Slovak Republic,2009,1.7025214117002,1.61510464058236,20.5559097902852,68.0960564898296,21.699930377173,68.6182956025341,-5.50533790972226,13680.7537106597,12.023,0.133257321027673,136.7143520923637
SVK,Slovak Republic,2010,2.32222893370545,0.957018132975174,19.7492556097758,77.0810820862371,21.8497529970948,78.0274155953488,6.79058159142423,14596.1477776887,14.387,0.0931912731899838,155.1084976815859
SVK,Slovak Republic,2011,5.44765747649664,3.91928599146291,18.7431725961413,84.6330521239054,23.9414977059811,84.5450241871604,2.56242473215553,14950.8735178599,13.634,0.128936462723796,169.1780763110658
SVK,Slovak Republic,2012,1.87551069035637,3.6061026352289,18.4796734281638,90.908862673381,21.0504458662276,86.0600955080503,1.56917104702706,15159.6570420004,13.966,0.170183855326072,176.96895818143128
SVK,Slovak Republic,2013,1.01266878582834,1.40047368963025,18.6874006692499,92.8790222418488,21.1910610755073,88.0241142496093,0.703323545247201,15249.8824513785,14.226,0.107458009492367,180.9031364914581
SVK,Slovak Republic,2014,-0.356803047431846,-0.0761653295419871,18.8497132400672,90.4400089861459,21.1761310723424,86.3163071119859,2.70795151449488,15647.6491763517,11.536,0.0970454215834878,176.7563160981318
SVK,Slovak Republic,2015,1.70487122540291,-0.325219777427765,19.0031597246686,90.6938496191421,24.3202564656274,88.7321732758884,5.17687909722133,16442.0760860018,11.492,0.0950338786482762,179.42602289503048
SVK,Slovak Republic,2016,5.27770700739813,-0.520010196278358,19.4074978192346,92.3116870095116,21.6601191942233,90.4456925866891,1.94781841524558,16740.7413996428,9.679,0.128922329956911,182.7573795962007
SVK,Slovak Republic,2017,4.39986424621101,1.31194588223247,19.4392079507187,93.9524168738907,21.2735243502353,92.692270525658,2.87473327453695,17195.2888721963,8.142,0.155178995687406,186.6446873995487
SVK,Slovak Republic,2018,2.11269531583982,2.51403712883803,19.0247411791222,94.9268326476368,21.3447569716069,93.8061320518596,4.06211981896483,17869.0149173679,6.544,0.138508159611326,188.7329646994964
SVK,Slovak Republic,2019,2.15394548631737,2.6645613342544,20.0804190622354,91.8440865121276,21.6812781607176,91.8785221191079,2.27589910019393,18250.9802475637,5.761,0.135328072840865,183.72260863123552
SVK,Slovak Republic,2020,-1.05975666677956,1.93694126694223,21.2415809601177,84.2983434485345,19.7809655184171,83.2358298718319,-2.58551241733207,17763.8563847352,6.719,0.0857694756149868,167.5341733203664
SVK,Slovak Republic,2021,2.25677867211963,3.1496062992126,21.1836928333099,90.7618617591412,19.5981995330742,91.2176227259784,5.6558588065555,18808.4540496595,6.894,-0.212358807611049,181.9794844851196
SVK,Slovak Republic,2022,4.16872005912019,12.7741463637611,21.250579882602,99.0674933921507,20.9401153914882,104.988825139001,0.544591632137454,18964.8298400624,6.143,-0.284860959688394,204.0563185311517
SVK,Slovak Republic,2023,0.393861455912485,10.5319476645211,20.3237903640526,91.4935561325084,21.1360451605213,89.8973162239414,2.11263633214959,19383.3732009401,5.843,-0.0923148510113108,181.3908723564498
SVK,Slovak Republic,2024,3.55503662060591,2.75760909424279,21.1147597312352,85.4834989561279,20.4183967254733,85.729301195507,1.93867445549446,19776.1758069498,5.3,-0.0861108401600769,171.2128001516349
SVK,Slovak Republic,2025,1.32903607891854,4.00042823495829,21.4054142585281,85.0946294110273,20.5315149404576,85.2478669923037,0.807418690144758,19966.2542827277,5.359,-0.152382641257418,170.34249640333098
SVN,Slovenia,1995,0.703875268053307,13.4637296178669,17.874286062496,45.4053607538828,23.1095139277958,47.6451665433895,4.1071588268846,13278.7428559643,7.15,0.0215614999899353,93.05052729727231
SVN,Slovenia,1996,0.807146507308572,9.86445061546854,17.7981868200874,46.2093944981182,23.9079940537581,47.4590470196594,2.91361775262531,13674.183297426,6.879,-0.0625361337459717,93.66844151777761
SVN,Slovenia,1997,1.61384646482666,8.35967990704302,17.6694521846759,47.6449263820488,25.2194333899588,48.7846131213189,5.17133827310541,14400.670888341,6.648,-0.134454343022371,96.42953950336769
SVN,Slovenia,1998,0.977848343403061,7.89116682856682,17.6509899976758,47.684756163836,26.2372567579746,49.383325378787,3.06382595802013,14874.2904782546,7.39,-0.218117656735081,97.06808154262299
SVN,Slovenia,1999,0.471479700146372,6.1555875445156,17.8336789424071,44.3045583895072,27.8104980024414,48.6536290352206,5.26800700427259,15646.6885879812,7.324,0.0714308445137258,92.9581874247278
SVN,Slovenia,2000,0.673638153483466,8.91174418658757,18.5831137438127,50.4595684798996,27.5926973849984,54.1607801015593,3.49791942086068,16146.1216848394,6.918,0.29607496005045,104.6203485814589
SVN,Slovenia,2001,2.42490291611765,8.37966587492208,19.0123597950554,52.2659847153184,26.6156129719771,53.3172388153655,2.82868479430465,16576.7158840406,5.682,0.157498742047657,105.58322353068391
SVN,Slovenia,2002,7.96826357828918,7.48077770703761,18.865001506061,52.9416529201899,24.8641515806336,51.9388053692256,3.28258371393918,17099.658209132,5.922,0.123915442323272,104.8804582894155
SVN,Slovenia,2003,1.82421495294141,5.54416421752897,18.9250776658341,51.4798131882271,25.2648362086817,51.8002139393991,3.19503117236037,17635.3608581831,6.479,0.0602967792572922,103.2800271276262
SVN,Slovenia,2004,2.23412471685355,3.5929759424951,18.9561560768234,55.4710149538959,26.2122139693469,56.9289185128662,4.54602214352336,18425.2601213581,6.012,0.0640662022616923,112.39993346676209
SVN,Slovenia,2005,2.70057223244549,2.45150132316477,19.041874595409,60.2413029718392,26.7841476169297,60.8859812460752,3.8541277114569,19102.2776603905,6.506,0.173208905073743,121.1272842179144
SVN,Slovenia,2006,1.76264658794015,2.45792444195863,18.7440868090306,65.2348404381098,27.9014994356825,65.2830726480487,5.90878130011174,20166.5323431214,5.95,0.31911453657107,130.5179130861585
SVN,Slovenia,2007,3.93587276921145,3.657495632841,17.5261726788709,68.1644475188117,28.7632142843547,69.4986468322083,7.1392312914716,21485.780992381,4.818,0.559207815536831,137.66309435102
SVN,Slovenia,2008,1.94695512755549,5.64742380573939,18.2687036587887,66.6359175894349,29.5862302565727,68.7511760753667,3.37223866114127,22175.2369557321,4.371,0.158140843634363,135.3870936648016
SVN,Slovenia,2009,-0.694282375481298,0.839262246793805,20.4055589857637,57.962823638698,24.4165581529781,56.5194773849398,-7.59058614046387,20307.6188322273,5.858,0.903875535210913,114.4823010236378
SVN,Slovenia,2010,0.667761282375457,1.80117022137138,20.6009174059988,64.8408281230436,21.2216002661579,63.765747302319,1.11213719306735,20444.1201295876,7.236,0.43607948463593,128.6065754253626
SVN,Slovenia,2011,1.71085960342006,1.8028517194191,20.7329613365025,70.7829460940809,20.08483828855,69.5494096562379,0.655438128379743,20535.4155754108,8.166,0.207732702329724,140.3323557503188
SVN,Slovenia,2012,0.072644638587861,2.59741386039003,20.4936480302629,73.5453480307472,19.1676737562844,70.1111005422282,-2.91553782040462,19894.8697964548,8.841,0.210024305900448,143.65644857297542
SVN,Slovenia,2013,0.217315881641324,1.76920085881897,19.8352627281388,74.9589463655648,19.8337339250587,70.2098430668378,-0.823776417691676,19704.2186005128,10.103,0.135726228915631,145.1687894324026
SVN,Slovenia,2014,2.05875310395561,0.199343826570844,19.0497528436032,76.6524478122161,19.4365582725521,69.8192572845302,2.76283327639742,20228.7081986391,9.668,0.0983519219451147,146.4717050967463
SVN,Slovenia,2015,4.05096848349793,-0.525552285820783,18.9522332257864,77.6641701406595,18.9176485172673,69.5541975738436,2.39330621338168,20697.2748530619,8.962,0.075190689011533,147.21836771450307
SVN,Slovenia,2016,3.26541395278807,-0.0549995416705683,19.2215460140546,78.4365866675597,17.7799826082197,69.8018614128279,3.03441486663654,21309.7122138949,8.0,0.0731972072415279,148.2384480803876
SVN,Slovenia,2017,2.4842141360232,1.42910743319306,18.6134006520701,83.8819801621931,18.4937257477793,74.820155682477,5.17440215579958,22397.7634988337,6.564,0.0651590392490152,158.7021358446701
SVN,Slovenia,2018,2.86489909951597,1.7386086198818,18.4087961852461,85.5686370516669,19.5302803292433,77.0448569241837,4.37908347331195,23293.966665323,5.108,0.362584395134764,162.6134939758506
SVN,Slovenia,2019,3.99098612082388,1.63052260754335,18.4796995227265,84.3570583498527,19.7583962473649,75.687217335396,3.50525332381912,23943.1800949889,4.446,0.696304046333357,160.0442756852487
SVN,Slovenia,2020,0.948340847721794,-0.05485681576061,20.7188265980617,78.2717999916943,19.0238928131055,69.2772085932473,-4.08500094942896,22811.8050540778,4.971,0.669754656164979,147.5490085849416
SVN,Slovenia,2021,3.60613978687237,1.91706506089269,20.8250947962286,83.6999417881902,20.2003570967526,78.0887857232485,8.41686457725321,24665.4410464026,4.744,0.268851969969908,161.7887275114387
SVN,Slovenia,2022,3.64010857871706,8.83369886749452,19.4879928272091,94.3162594247263,21.988357400127,92.3308168499054,2.66850555542486,25275.715967757,4.011,0.189424378732817,186.6470762746317
SVN,Slovenia,2023,2.09028809314832,7.44687717385846,19.213363720423,83.4382737313632,21.5950558507346,76.7213955695369,2.3758326648385,25773.9015835069,3.652,0.396216782960902,160.15966930090008
SVN,Slovenia,2024,2.5587649173879,1.96562656432505,20.3890448856139,80.9173894920357,20.9214124483696,74.740539192438,1.73139722479493,26134.627203987,3.7,0.326705896075754,155.6579286844737
SVN,Slovenia,2025,2.26084906229915,2.37284807226549,21.2320359666487,78.6394707763247,21.1254931090118,73.2758980628106,1.05992996255246,26367.1907353982,3.175,0.168420657387838,151.91536883913528
SWE,Sweden,1995,5.59421464046124,2.455148578184,25.4809703766659,37.3398580855886,19.5446497049005,31.3412260997789,4.09438992772475,35064.4138802129,8.897,0.524703941553734,68.6810841853675
SWE,Sweden,1996,1.88110680656542,0.533131978766238,25.7945851853138,36.1265676923344,20.0250892066356,30.3799543776886,1.70471985374236,35605.4537507466,9.547,0.159147080582875,66.506522070023
SWE,Sweden,1997,3.82892113248166,0.658410256243526,25.2793010357612,39.2316334636844,19.7081236429224,32.7632651207802,3.06499186399252,36675.7506543343,10.359,0.0572622034229794,71.99489858446461
SWE,Sweden,1998,8.61423402009942,-0.267132668354971,25.3435410839985,40.1302607304204,20.5620825743072,34.2044933729644,4.24583179417877,38211.7233090832,8.941,0.0555121222123307,74.3347541033848
SWE,Sweden,1999,22.9333652251559,0.462175756339138,25.3394619435542,40.1768255234438,21.1538088212455,34.6710916432535,4.20111929805536,39786.0271902555,7.607,0.0779271508703018,74.8479171666973
SWE,Sweden,2000,8.67916615378573,0.899143734041715,24.4782098784652,43.245425579392,21.7434172971739,38.2267335056201,4.63112136551369,41561.7747635857,5.466,0.160575484575313,81.4721590850121
SWE,Sweden,2001,7.51256723790645,2.40595834145436,24.6776967594811,42.8995075024433,22.1805552893982,37.6696753093281,1.36080642694121,42014.4022302506,4.73,0.268470527954234,80.5691828117714
SWE,Sweden,2002,6.87493521047709,2.15848213589266,25.3573847086936,41.1616688311214,21.6669413046726,35.9236498661188,2.27772867861897,42831.7584103774,4.965,0.325438067703728,77.08531869724021
SWE,Sweden,2003,1.79831756030611,1.92565534892383,25.6979503296427,40.3360837488571,21.0990556783309,34.9921337375667,1.88102769675844,43475.3655433221,5.555,0.372092942799084,75.3282174864238
SWE,Sweden,2004,4.38300602347958,0.373659828721824,25.0117658049261,42.7189306670309,21.3471687403972,36.0169512517047,4.17958419343711,45114.6701230708,6.693,0.393298991357658,78.7358819187356
SWE,Sweden,2005,5.30592267942897,0.453170852576138,24.8828287942409,45.3316169745966,21.5097260897802,38.8363060434344,2.79313782840156,46189.6828420555,7.81,0.399942762807279,84.16792301803099
SWE,Sweden,2006,5.21921287841886,1.36021468627693,24.5937207999104,47.5983472649069,22.5576014619411,40.731913626917,4.67607488877992,48078.3520110084,7.066,0.562483906481893,88.3302608918239
SWE,Sweden,2007,9.41612400200535,2.21216883436733,24.1543294581894,47.7240209109834,23.5097905127659,41.8229027500389,3.22486814096095,49262.152916545,6.161,0.741552514625445,89.5469236610223
SWE,Sweden,2008,8.05196630424181,3.43704910602875,24.7328246075251,49.0140992896845,23.9954149226696,43.7942694198751,-0.923113250067971,48428.6587081751,6.235,0.779033290770134,92.8083687095596
SWE,Sweden,2009,2.06323507354771,-0.494460544378051,26.0788746546094,43.4591254566978,22.0664924860152,38.4991885106953,-4.25561384207619,45974.3911151254,8.351,0.851904412936677,81.9583139673931
SWE,Sweden,2010,0.126859666003955,1.15798802715626,25.1403485949936,44.8770299089346,22.0467665339345,40.2144550183387,5.75076477579255,48205.5492512742,8.61,0.852524628765313,85.0914849272733
SWE,Sweden,2011,1.22329216394859,2.9611507382214,25.0305210756699,45.4141189699788,22.4066937719191,40.9766258360399,3.16388567406926,49356.5905257047,7.804,0.755150133665177,86.3907448060187
SWE,Sweden,2012,0.777373680569339,0.888377506923735,25.8273403508395,44.8335680407679,22.2577020508821,40.464492501668,-0.414397702454409,48789.7906883637,7.976,0.739763272434863,85.2980605424359
SWE,Sweden,2013,0.2546975094246,-0.044292970148682,26.3412173953265,42.736274814874,21.96568388342,38.9039773181224,1.13766671801426,48928.4994141291,8.052,0.847348652246305,81.64025213299641
SWE,Sweden,2014,-1.0454392642501,-0.179638494114635,26.306656514449,43.4587323957165,22.6931835326185,40.3642486526362,2.29577238758284,49557.6183647959,7.954,0.992219728591882,83.8229810483527
SWE,Sweden,2015,1.94926707461038,-0.0467847449832812,25.8946247355195,43.7114624281719,23.2410511527473,40.4616141676452,4.38824673608589,51188.1652120493,7.432,1.05745468551674,84.1730765958171
SWE,Sweden,2016,3.01534061830454,0.984269244577992,26.5028395322256,42.9375471367813,23.8714205355535,40.5144007206336,2.13117914731151,51626.3235312369,6.99,1.25645398510305,83.4519478574149
SWE,Sweden,2017,4.54156677126576,1.79449904665599,26.3566984341811,43.9177471861903,24.5812672645971,42.1515616878618,1.88282184966646,51894.3748177808,6.718,1.34744505956262,86.0693088740521
SWE,Sweden,2018,-0.129928906336359,1.95353530127028,26.3905821818534,45.9408514773526,24.6138158333991,44.4678627588174,1.7702553546772,52203.0872589761,6.365,1.16164515996039,90.40871423617
SWE,Sweden,2019,2.9559286166832,1.78415097403835,25.8863396570904,48.2886583812982,23.8411457244241,44.4624806477579,2.60823012869524,53024.4099494317,6.833,1.01372226345511,92.7511390290561
SWE,Sweden,2020,3.36375559523307,0.497367318853572,26.6042803951042,44.2873771533388,24.5326066682559,40.187218660823,-1.93379704032216,51624.5811789573,8.291,0.722703912882934,84.4745958141618
SWE,Sweden,2021,9.17868162234424,2.16319736447143,26.0264389710877,47.4842370278491,25.1158043176516,43.626000413455,5.2258643028773,53997.1337068799,8.803,0.600591532839468,91.1102374413041
SWE,Sweden,2022,9.35228228785513,8.36929098869189,25.7413888108053,54.3120633586152,25.590797768041,52.7996884678965,1.25543620445816,54304.1877501033,7.417,0.68058286829853,107.11175182651169
SWE,Sweden,2023,3.22512369002956,8.5486248974891,26.4175581827478,55.1958779701806,25.4119400890775,52.4238314737936,-0.204061304891439,53937.7967122429,7.611,0.472717863265105,107.61970944397419
SWE,Sweden,2024,5.0794723229992,2.83581658224034,26.5704997625006,54.4971396815443,25.1020245960477,51.4703526317996,1.01779633304398,54316.2619329718,8.4,0.313432129983607,105.9674923133439
SWE,Sweden,2025,2.86246002434244,0.679869285243995,26.4325067172356,53.2286033614108,25.2280085399797,51.1066068253172,1.54316373266217,55014.3814616932,8.694,0.254281358853672,104.335210186728
