Country Name,Country Code,Series Name,Series Code,1995 [YR1995],1996 [YR1996],1997 [YR1997],1998 [YR1998],1999 [YR1999],2000 [YR2000],2001 [YR2001],2002 [YR2002],2003 [YR2003],2004 [YR2004],2005 [YR2005],2006 [YR2006],2007 [YR2007],2008 [YR2008],2009 [YR2009],2010 [YR2010],2011 [YR2011],2012 [YR2012],2013 [YR2013],2014 [YR2014],2015 [YR2015],2016 [YR2016],2017 [YR2017],2018 [YR2018],2019 [YR2019],2020 [YR2020],2021 [YR2021],2022 [YR2022],2023 [YR2023],2024 [YR2024],2025 [YR2025]
Austria,AUT,"Inflation, consumer prices (annual %)",FP.CPI.TOTL.ZG,2.24336631500898,1.86097115760437,1.30597857227691,0.922467196680849,0.568993765885531,2.34486285357281,2.65000077279529,1.81035787764129,1.35555370896445,2.0612061803287,2.29913785639286,1.44154851119017,2.16855528800757,3.2159503323988,0.506308827696504,1.81353438995062,3.2865791487538,2.48567562177015,2.00015616900597,1.60581182954474,0.89656333526032,0.891591752655362,2.08126911385587,1.99837981429549,1.53089564152644,1.38191063351854,2.7666666666667,8.54686993188458,7.81413417002831,2.93791574279376,3.52719439956928
Austria,AUT,Population growth (annual %),SP.POP.GROW,0.153106260702748,0.135019833748789,0.113316608322994,0.109728368100981,0.194563153264961,0.240466652446524,0.382799394483217,0.49198046425522,0.487133894826838,0.620413127334181,0.681267248299787,0.494797775098466,0.324146535285463,0.313041437661508,0.261953189906348,0.240394299500766,0.337080841831645,0.45593747231891,0.589387254692989,0.781541632525841,1.12099250236958,1.08139629872802,0.694621103604983,0.487071924768999,0.444673639004876,0.415176731565556,0.435671684056384,0.956287797076634,0.989464653969154,0.504879813795986,0.328301850203979
Austria,AUT,GDP growth (annual %),NY.GDP.MKTP.KD.ZG,2.66798388882503,2.21576713087359,2.1458350552646,3.49288002962309,3.76192435190464,3.18952292988787,1.31698749571339,1.48436877605324,1.14156504542775,2.56525534067859,2.32036514266782,3.26933601506059,3.77522468729185,1.45330562142114,-3.58626472551299,1.80898243043663,2.92746800169145,0.628246239479637,-0.250726423318454,0.755798850316665,1.30352331826198,2.11721964494312,2.27224992038207,2.48422114080024,1.75497619649288,-6.31825509209936,4.92309171717903,5.33096379400371,-0.786244288594673,-0.659089573171372,0.615747280959056
Austria,AUT,GDP per capita (constant 2015 US$),NY.GDP.PCAP.KD,33603.4278263558,34301.6562151382,34998.0321173934,36180.7490571265,37468.8698869794,38571.0858780001,38929.753800545,39313.7225107545,39569.2885567329,40333.3307183894,40989.0131778975,42120.1557002022,43568.8302243941,44063.8642019916,42372.4758254763,43035.4073531933,44146.1956805294,44221.4599530893,43851.3675497404,43838.8345892137,43915.228020857,44362.6702805116,45056.6385912412,45951.5819164034,46550.5622459492,43428.6983137234,45368.6434337368,47332.4240357971,46497.9114640341,45958.8250071261,46090.2514170459
Austria,AUT,Gross fixed capital formation (% of GDP),NE.GDI.FTOT.ZS,25.6814352868846,25.9792394170832,25.5410735111136,25.5828501885423,25.0791471023159,25.706049968312,24.9279130602684,23.6230774906842,24.1941212310447,23.7682466626674,23.2345864227667,22.8306808001519,23.1393973500284,23.5337970115719,22.6637107958545,21.8611554230227,22.7073592505649,22.9527434287837,23.3121101516353,22.9671788352856,22.8959621968365,23.3219102437796,23.8459451205616,24.3135937640992,25.0801117201002,25.134256704245,25.8646541570211,25.2127203813994,24.6875584181551,23.5479112127244,23.5267100229664
Austria,AUT,"Unemployment, total (% of total labor force) (modeled ILO estimate)",SL.UEM.TOTL.ZS,4.345,5.282,5.15,5.483,4.699,4.687,4.007,4.852,4.779,5.969,5.682,5.32,4.909,4.198,5.371,4.883,4.637,4.909,5.367,5.674,5.802,6.064,5.561,4.933,4.56,5.201,6.459,4.992,5.264,5.2,5.582
Austria,AUT,"Foreign direct investment, net inflows (% of GDP)",BX.KLT.DINV.WD.GD.ZS,0.760156006172297,1.83236524365315,1.26058669809025,2.1061851136777,1.37439937408037,4.33323688730786,2.89572243102078,0.0650010498093938,2.37557550248335,1.0640170021225,25.8307026071969,3.14473468828869,17.8058113461032,1.46799597032563,3.58137196898673,-5.64539670207833,5.35812778038962,1.2830027920872,-0.302633479129545,0.389557041234778,-1.80409511056007,-7.23989904197038,3.38180275607348,-6.15119207172195,-2.85255617561831,-2.76332070661681,3.95409878611296,3.0221599256451,0.566112370322707,2.55351579610657,-2.01581463662181
Austria,AUT,Exports of goods and services (% of GDP),NE.EXP.GNFS.ZS,33.6650009227647,34.4377355805807,37.2144335874111,38.5615906228388,39.5093125883092,43.591091462861,44.8518101806208,45.6510533943756,44.8257225915126,47.2191991038628,48.9511516701756,51.2031559330564,52.8904832388178,53.5983913417575,45.4869106822459,51.5839821122491,54.2920768831722,54.325492441456,53.8898209853854,53.8561570961341,53.3960122723239,52.6634020833052,54.3260296753968,55.7022394735073,55.8958073929339,51.6630899700616,55.9539450675875,61.4273121186873,58.4867595713944,55.6782850851641,54.7019473752362
Austria,AUT,Imports of goods and services (% of GDP),NE.IMP.GNFS.ZS,34.8600048302325,36.0315807177005,38.0300424431444,38.787931037573,39.0536203889869,42.2515162707939,43.1444465379839,41.9334403110863,42.0565037313482,44.2550210841381,45.7236031126049,47.5825693830677,48.4744751966427,49.1453130195427,42.1135824199495,48.0609004424225,51.4830214892056,51.5152989482497,51.0955530299819,50.6405828931259,49.7215694739361,48.910092513867,51.2300370800408,52.6757304983207,52.3114775114917,48.2851241395359,55.0789870565772,62.1522665342146,56.6661552513376,53.1474927492406,52.3178918904941
Austria,AUT,General government final consumption expenditure (% of GDP),NE.CON.GOVT.ZS,19.9136754254981,19.9199775990025,19.9074840934066,19.8805896009437,20.1321065204172,19.5314707769617,19.2543106270972,19.0915242404323,19.1994923160856,19.1435006201648,19.578956279012,19.5236882601217,18.9952201499781,19.5504763856736,20.8429660876862,20.7014308958778,20.1261020626005,20.1127296077276,20.2246904822814,20.1541074285657,20.128570640961,19.9765754686425,19.7920045735021,19.6244810717199,19.7190068292236,21.3096203136955,21.8158646754257,20.5357118895674,20.5750006645567,21.5978374083965,21.9087193894571
Belgium,BEL,"Inflation, consumer prices (annual %)",FP.CPI.TOTL.ZG,1.46796699090272,2.07702107350675,1.62816049512954,0.94925028835061,1.12084823417847,2.544517761909,2.46925823086083,1.64521436175361,1.58896399970372,2.09728311239316,2.78143263670029,1.79120770070454,1.8230563002681,4.48944420508404,-0.0531456741254177,2.18929920422458,3.5320821072274,2.83966343445899,1.1130959402754,0.340002833356922,0.561429152790158,1.97385264653163,2.12597086002616,2.05316499865178,1.43681956996438,0.740791812220344,2.44024851144084,9.597511728725,4.04901077613941,3.14349136500041,2.46705543774613
Belgium,BEL,Population growth (annual %),SP.POP.GROW,0.209436838020324,0.1953931762382,0.241991884983082,0.213527650670943,0.229189103029716,0.242517956221334,0.343951157623668,0.448268894821562,0.418641508069053,0.432788248129175,0.550055708089009,0.659558214980699,0.734330830765919,0.789976845480149,0.804599572619861,0.913639391631709,1.3010029017038,0.620163579337378,0.471340143966627,0.44392928847521,0.579446241677791,0.506300002451376,0.385228018372369,0.455184695275022,0.540461327098122,0.430996815099722,0.411601996532257,0.808165350001861,0.850263748167955,0.66555918543206,0.698907329339411
Belgium,BEL,GDP growth (annual %),NY.GDP.MKTP.KD.ZG,2.38475724870135,1.32143214432601,3.79367165541437,1.96183240455609,3.54271798823922,3.71670510672588,1.09960362419645,1.70689430349601,1.03795518162204,3.57120671942319,2.32173792911834,2.55234087322462,3.67692462515802,0.446905130727231,-1.90644105515335,2.71031150254662,1.93115502411325,0.215803612089744,0.305494549070232,1.76554038149924,1.47416433731927,1.19350273007754,1.47446761556785,1.87796847383565,2.4428900448156,-4.7929839083518,6.25445686466593,4.02460852835887,1.56125539542029,1.09775383828703,0.983117967125935
Belgium,BEL,GDP per capita (constant 2015 US$),NY.GDP.PCAP.KD,31508.622663522,31862.6693868132,32991.5010116146,33566.9875919507,34676.6051555263,35878.3153586195,36148.2880924306,36600.862592332,36826.2699296094,37976.6972967442,38645.2605193362,39371.0858277448,40520.0843207009,40380.9075004042,39293.637546825,39991.5646206286,40236.9596308558,40074.492800399,40007.8997891411,40533.9135027898,40893.804537772,41172.8862831209,41619.328629169,42208.3625650272,43006.4042308863,40769.0218072962,43140.9676652971,44516.002160801,44828.2274521244,45019.6989654607,45145.6641673237
Belgium,BEL,Gross fixed capital formation (% of GDP),NE.GDI.FTOT.ZS,21.2317407409695,21.1846630058459,21.8542937017378,21.7804884968778,22.1665354285214,22.5070638327085,22.3902708268942,20.696424121126,20.4941888377035,21.4618504095247,22.1538935922611,22.3254390645591,23.2930144412895,24.1181419052712,22.5500517779492,21.9382428923496,22.7900061624511,22.8236232419409,22.1558511394486,22.8409196700006,23.1519860999475,23.5198221753782,23.5041514887444,23.7749835796852,24.2312098845978,24.0338724949105,23.9163856652107,23.9161142447757,24.1745802432932,24.2779848762966,23.8945707368656
Belgium,BEL,"Unemployment, total (% of total labor force) (modeled ILO estimate)",SL.UEM.TOTL.ZS,9.337,9.483,8.95,9.322,8.649,6.586,6.178,6.91,7.68,7.363,8.44,8.246,7.459,6.976,7.908,8.293,7.14,7.542,8.425,8.523,8.482,7.83,7.09,5.941,5.364,5.545,6.248,5.57,5.547,5.7,5.906
Belgium,BEL,"Foreign direct investment, net inflows (% of GDP)",BX.KLT.DINV.WD.GD.ZS,3.71102444734668,5.03718760952012,4.74788988025515,8.77679407696031,46.3484571485071,37.4753122979087,37.2564694834172,7.01242443993657,10.8648744877518,12.0521106747569,8.72717720186463,14.4078713936675,20.5026740062328,36.8029204549975,15.948905674901,26.0596407490286,31.0366884311298,2.36956900950954,-5.65561784857252,-2.82643623555084,-4.23261410354123,12.1319420227113,-7.4442379017663,-7.66649538713467,-1.97252997818915,-5.69020542304612,5.6774240968721,2.22097062697703,-0.652733821591808,-6.1637514992582,-3.96835875820548
Belgium,BEL,Exports of goods and services (% of GDP),NE.EXP.GNFS.ZS,60.1143717180605,61.1923909558718,64.7865810804479,64.1743450154283,64.5630595160862,72.5473951580567,71.6119589202939,70.8312976956765,69.0365085088844,70.906277447218,74.2828289213953,76.8049970552189,78.3018047028263,80.8806199752035,68.5960770690546,75.8282898692443,80.2713643518839,80.0489721342421,78.9114134413606,79.3965205800202,77.8777392199991,79.6181317071952,83.4444050525116,83.4830567161373,82.9674275396401,79.1968705613294,89.625374866218,94.3593146395926,82.8132982978783,79.3187864838737,75.4500710497086
Belgium,BEL,Imports of goods and services (% of GDP),NE.IMP.GNFS.ZS,56.2641961032662,58.0203848015116,60.902358975732,60.5347776108893,60.6069310248626,69.6827399089776,67.964880914325,65.2538517924041,63.679044325004,66.0121279012141,70.2462217485879,72.7625122442923,74.1666421724765,80.2078278152436,66.5423286532355,74.3342737521831,80.494152536242,80.3343292908166,78.6622093410738,79.1750903735027,77.1909428259269,79.43956490475,83.4596731852798,84.7946361610806,82.4980513923498,77.7532507214541,87.7565373348573,96.6941034919995,83.174142438564,79.7046946650529,77.4677176696568
Belgium,BEL,General government final consumption expenditure (% of GDP),NE.CON.GOVT.ZS,21.2989651245599,21.7183862211024,21.1513979156766,21.0949180608347,21.2820398534755,21.0401971476314,21.3136063380204,22.1388815392458,22.4843723439742,22.1972126513166,22.093997631255,21.9387885339603,21.6158948183584,22.6661446948071,24.127661618089,23.7422173182426,23.86685092413,24.1820728168566,24.2045500908097,24.1076426881484,23.6734546539667,23.3188265796837,23.1162236427374,23.1517515655339,22.9562562872188,24.2369125321374,23.7668936810637,23.4038814395859,23.3660454602474,23.7383780306407,23.9532297750536
Bulgaria,BGR,"Inflation, consumer prices (annual %)",FP.CPI.TOTL.ZG,62.0548336837992,121.60754244925,1058.37355921973,18.6722044420641,2.57304281890212,10.3162621289989,7.36093927231841,5.81014365721826,2.34864169582758,6.14713074246267,5.0388380711191,7.26159462769947,8.40253419005893,12.3487195994021,2.75320223914819,2.43899060504117,4.21990346601872,2.95456829831012,0.890093540913096,-1.4181838026484,-0.104633261008479,-0.798649886453617,2.06159619443141,2.81454473824838,3.10372944796771,1.67244096855756,3.29774435299506,15.3252589264367,9.44284140088564,2.44651943006079,4.58084355235697
Bulgaria,BGR,Population growth (annual %),SP.POP.GROW,-0.44539850047226,-0.515729879636827,-0.608797354537911,-0.66730270106626,-0.560648224779443,-0.493896416633318,-1.99063220438276,-2.17069878030004,-0.79211363763553,-0.754796951273604,-0.752977445493645,-0.759505915531059,-0.735282283991309,-0.70192274454598,-0.644281362547054,-0.658275446635908,-0.641228920515067,-0.579220596364389,-2.01699190933907,-1.21450935947823,-1.2711551188344,-1.29824041616821,-1.32391481752631,-1.3714611289258,-1.41171852077109,-1.00293821352921,-0.664652622488209,-0.650676134087796,-0.286577641861364,-0.0803071609561488,-0.126123118551665
Bulgaria,BGR,GDP growth (annual %),NY.GDP.MKTP.KD.ZG,2.90231544397766,5.20547920578709,-14.1153771596692,3.7891144939896,-8.39608774026568,4.58722553234129,3.82370222571771,5.87193134676191,5.23715282493174,6.5104241389717,7.05634916258309,6.80259262432862,6.65438512368812,6.12955885899744,-3.34714308501542,1.55536266288017,2.09017598337418,0.748814556346105,-0.542753400392826,0.949449772002041,3.39755351999294,3.02662820096305,2.74592737750996,2.33015054210419,3.79331964589196,-3.13323543125917,7.82817310703665,4.08386398118941,1.68151075832925,3.38708962009333,3.0963663917961
Bulgaria,BGR,GDP per capita (constant 2015 US$),NY.GDP.PCAP.KD,4022.19748673152,4253.45199440193,3675.36877811444,3840.17297697202,3537.52626953376,3718.11895993863,3937.90285118373,4260.62251956893,4519.415326977,4850.11917184577,5231.60538607098,5630.08907245392,6049.05136726418,6465.05231071194,6289.04666609216,6429.04599233108,6605.64616736859,6693.76983060797,6793.08253592745,6941.37319825776,7269.02586513711,7586.89174668116,7899.11056589871,8194.79296320014,8626.5750265742,8440.51416964556,9161.94541759347,9598.35828571579,9787.76510584614,10127.4152566236,10454.1739579477
Bulgaria,BGR,Gross fixed capital formation (% of GDP),NE.GDI.FTOT.ZS,16.6686853479005,4.45233960435174,9.68098126725783,14.5937766399254,16.2553552539751,16.7311809263197,19.2659191386409,18.9772762631082,19.8051414571743,20.9507199957922,25.665167926945,27.4377526468047,28.2888070189046,32.9796238269343,27.7810120397127,22.1822277133818,20.8392475385511,21.1224409741849,21.182526702151,21.0608601504587,20.8597785000503,18.4104650796433,18.3038060671112,18.8299243206579,18.7188384588386,18.9959627554221,16.2822581869354,17.0042274007414,18.7284540045901,18.3125443566691,20.1322595150941
Bulgaria,BGR,"Unemployment, total (% of total labor force) (modeled ILO estimate)",SL.UEM.TOTL.ZS,11.1,12.5,13.7,12.2,14.1,16.218,19.921,18.11,13.733,12.037,10.083,8.951,6.878,5.609,6.817,10.279,11.26,12.27,12.941,11.424,9.143,7.575,6.164,5.211,4.148,5.037,5.166,4.148,4.319,4.2,3.536
Bulgaria,BGR,"Foreign direct investment, net inflows (% of GDP)",BX.KLT.DINV.WD.GD.ZS,0.475980150196017,0.886496780882187,4.46066180037385,3.57453184133774,6.00381677294921,7.56041990720244,5.73133418235157,5.51491322727398,9.91575177653408,11.7456390264716,13.7197787160527,22.9027065931613,31.2270329208635,18.8987994198003,7.48977436208207,3.63551033232729,3.64711376075685,3.29303083433452,3.56317557891608,1.91577938000482,4.37552708346678,2.759819403762,3.39237322223916,2.73803840992463,3.24216894514095,3.97413959442467,2.52871196630769,5.24634717472155,5.05862477510411,2.69152439380972,3.7338455582314
Bulgaria,BGR,Exports of goods and services (% of GDP),NE.EXP.GNFS.ZS,32.3397333194325,48.4969586842486,49.5761831408403,41.9413442477275,42.7498045960997,36.2188521925379,34.8813225778741,33.6473094348292,34.4169484471671,40.9566423668749,42.5295693164729,46.9778773164501,52.355044143842,52.4776647091195,42.2188508571578,50.0980440473078,58.7882035798738,60.3462746841439,64.5649783748892,64.5508065016037,63.7864222949735,63.860933447808,66.9905235648426,65.9187137701145,64.300587723502,56.4751259038113,61.8496078917309,69.9794718032462,62.0049746360507,56.3699636895975,50.738480678418
Bulgaria,BGR,Imports of goods and services (% of GDP),NE.IMP.GNFS.ZS,22.9232752924149,37.3237673326382,36.8875531929106,35.1038573189154,47.3251767694596,41.5268332287322,44.2000598236182,41.6223119808917,44.5969409799972,52.1072623241547,57.1846555575481,64.0695824401991,71.1775345471972,72.2110966729108,50.4737901978425,53.2824743794128,58.6298978370571,63.6250486781263,65.1237066289559,65.6975656232676,62.9502299937151,58.9445856233192,62.643910209195,63.2477884611298,60.9598273515844,53.9487771785214,59.3644831208726,68.8654009670208,57.8945312158656,53.856354041725,51.7757828295128
Bulgaria,BGR,General government final consumption expenditure (% of GDP),NE.CON.GOVT.ZS,15.3481611858194,13.8490305526592,12.143161762968,18.3452620819835,19.6065087149202,19.7851116392357,19.3684612889497,19.1781539916002,20.1105865016757,19.3619048654348,18.1535654751334,18.1469428238521,16.6883279559759,17.149829991601,16.7393593873644,16.5024398513396,15.8499839968092,15.7909652687559,17.0826046634035,16.8330763800351,16.0891423720718,15.5888635959359,15.5845799103963,16.4797936217294,16.8038894133194,19.325113473238,18.8940300089666,18.2795516295074,18.4562141617699,19.7573359347068,20.8235359898362
Croatia,HRV,"Inflation, consumer prices (annual %)",FP.CPI.TOTL.ZG,3.95010395010406,4.29999999999993,4.17066155321186,6.39668660837555,4.01913875598084,4.61131554737801,3.77670246665889,1.67178437393384,1.76733780760629,2.05539679050328,3.31717824448043,3.18982591472949,2.89928275583389,6.07696838798352,2.37852845904671,1.03055505333576,2.27272727272722,3.41207349081368,2.21658206429779,-0.215196159576176,-0.464499004645003,-1.12500000000002,1.12937210282347,1.50012501041747,0.771820346498112,0.154811374562106,2.55450699642041,10.7805806758686,7.94128177586822,2.97200477643626,3.69153459605729
Croatia,HRV,Population growth (annual %),SP.POP.GROW,-0.690119513541903,-1.37154005901268,-0.487835515074698,-0.061431194309139,-0.432031162225091,-0.986434858645568,-3.8476707266781,0.0588712912047699,0.0284699231131846,0.0279042785156658,0.128732789322745,0.0235231237565747,-0.0218526602655707,-0.0118794578559279,-0.10502751669287,-0.226821270818422,-0.345264228485821,-0.474278461071106,-0.622679127955842,-0.766382113019195,-1.19410185876662,-1.08634598144505,-1.60675520461679,-1.31087324504252,-0.992302961069294,-0.894863743984583,-0.904000889163613,-0.603521952188318,0.104856226330186,0.168627948783285,0.258317977905583
Croatia,HRV,GDP growth (annual %),NY.GDP.MKTP.KD.ZG,6.74972166914642,6.11143125777198,6.16532327216601,2.25345287133511,-0.850447604002099,2.94765913375998,3.11089328552634,5.80141595577015,5.56842901730823,4.17049297825163,4.32819454299167,5.06986521577841,5.04884076732965,1.97176786914632,-6.81168973851901,-1.33616285467264,-0.111527124990047,-2.23702049605232,-0.132561080066893,-0.559537666687092,2.32056679330526,3.46613146011039,3.2840626939789,2.91107146210912,3.10247285336254,-8.31046995309319,12.6312741312741,7.29479114889533,3.76204092717136,3.82578440126859,3.40307537181749
Croatia,HRV,GDP per capita (constant 2015 US$),NY.GDP.PCAP.KD,7304.72692228877,7858.19280544609,8383.47376326709,8577.65913376916,8541.53312242717,8880.47789126428,9515.92714476421,10062.0602516769,10619.3351874985,11059.1274155158,11522.944604729,12104.2947219361,12718.2002498979,12970.5143712302,12099.7045228367,11965.1414956676,11993.1337166457,11780.5853491253,11838.4554388595,11862.7815706266,12283.8750299177,12848.473748279,13485.3711360576,14061.0597402919,14641.8735578488,13545.7402289427,15395.2861605128,16618.3333786183,17225.4504515697,17854.3262648378,18414.2935235367
Croatia,HRV,Gross fixed capital formation (% of GDP),NE.GDI.FTOT.ZS,14.272079409519,18.1797181797182,21.4758269720102,20.7673905042326,21.0004930745439,19.9123722094721,20.4107780711291,22.1260204261936,25.5640786982059,25.4333541462254,25.1844890964871,26.3003291972651,26.4990060561232,27.855225002685,24.7845647648678,20.8200332688936,19.821155846743,19.2069835458016,19.2201855221695,18.7929036284211,19.0880215811687,19.5580877097086,19.4723719134561,19.9762529444434,21.9101737515026,22.3533816805928,20.948528529558,21.6629938029669,24.7467986765337,25.1906175426343,25.7348749663888
Croatia,HRV,"Unemployment, total (% of total labor force) (modeled ILO estimate)",SL.UEM.TOTL.ZS,10.007,9.68,9.71,11.392,13.559,16.064,15.822,15.053,13.924,13.664,12.598,11.13,9.909,8.53,9.202,11.62,13.678,16.046,17.231,17.209,16.15,13.015,11.078,8.322,6.551,7.389,7.483,6.811,6.121,5,5.002
Croatia,HRV,"Foreign direct investment, net inflows (% of GDP)",BX.KLT.DINV.WD.GD.ZS,0.474495328041973,2.0393300632941,2.46745844738732,3.87827135851735,6.11828850381507,4.58600703994628,4.49453736192097,3.66543741693173,5.23888389777053,3.14125847138829,4.03158584721724,6.74942720543925,7.83566324230563,7.66668932687836,4.925903970572,2.61983395656206,1.98600142929806,2.5458971283455,1.59392354890083,5.34791756323206,0.958162552964542,2.99037238331044,3.24022473811694,2.6691078382689,6.47280555618669,2.53925977136019,7.42755621800021,5.51627272111755,3.90313322235581,4.87790164584768,..
Croatia,HRV,Exports of goods and services (% of GDP),NE.EXP.GNFS.ZS,27.3097480274879,30.3072303072303,31.0432569974555,29.135995583364,30.1358196243668,35.0886709785103,37.1330952011182,35.8907304661272,35.5457842539397,36.5623048791366,36.4030844918604,37.546214231451,37.4647496648329,35.9746536354849,32.1015287508114,35.5033044103763,38.0508643396268,38.7042039695475,39.4700634681106,42.4177587590265,45.4314058216943,46.6194340495312,48.9161907825947,49.1104429591895,50.4917495355699,41.2797572126754,49.7866067908747,59.5122239805954,52.5673730204834,50.1414353064432,47.9720354934122
Croatia,HRV,Imports of goods and services (% of GDP),NE.IMP.GNFS.ZS,35.4988546703996,36.7463617463617,43.8422391857506,35.8483621641516,36.1289165807522,39.511788024202,42.3047056996428,45.2698165883309,45.8965882466219,45.0836975589451,45.0899643459274,45.9711319321347,45.7953862512135,46.1046074535496,37.6010027530944,37.1442701074495,39.7330618207574,40.3049719809783,41.4495583862234,42.7988767050013,45.2203802810773,45.5199091788252,48.3290436740931,49.9741463508053,50.9033621097876,48.2677755005518,52.5410074901873,65.8985698016654,54.7104286111181,54.7709679296898,53.0142511427803
Croatia,HRV,General government final consumption expenditure (% of GDP),NE.CON.GOVT.ZS,26.2089590226521,23.8738738738739,23.0636132315522,24.0062569009937,24.9226769465238,22.8875443354893,20.8611585649946,20.5675513305297,19.9505729049652,20.00118930812,19.9137668942262,20.032919726513,20.7017706069992,20.5412952421867,22.3269243682432,22.2924065998292,22.7561477677682,22.7099194034516,22.5755625582531,23.0877239903718,22.4557281468912,21.9610646259934,21.7968310142363,21.6730183656664,21.6952609915128,24.8876714488412,23.0738906124128,21.1630899383255,21.0087641754856,23.1290378906932,24.2785695079322
Cyprus,CYP,"Inflation, consumer prices (annual %)",FP.CPI.TOTL.ZG,2.61581787956336,2.97892486481266,3.6053444436463,2.22770732654316,1.62999999999997,4.14165764702055,1.97304191729917,2.80115505180745,4.13906538686852,2.28621706801678,2.56016132330235,2.30468732978553,2.37265183669718,4.66900841902491,0.326276652249793,2.43004084102251,3.2894493956421,2.38905410042326,-0.399357676464425,-1.35498885446315,-2.0969976905312,-1.42916666666665,0.531766496174467,1.43549119531759,0.250370996758493,-0.638422797978861,2.44608867175474,8.39548297993334,3.54134188751646,1.80023018624824,0.126528851920189
Cyprus,CYP,Population growth (annual %),SP.POP.GROW,2.11187434623439,2.01901883303889,1.94374848704265,1.87410706426377,1.80806341864318,1.74925863858297,1.72198539478757,1.77978522540643,1.83243139832695,1.8127204878139,1.77957653069647,1.74760698284514,1.72029297747734,1.69266521990115,1.66746501269811,1.64898311615441,1.6424698555703,1.63540837414934,1.57480485967812,1.50114149056878,1.46213136863434,1.43370522557944,1.377808546931,1.30393306995205,1.24612155650882,1.20329712567783,1.1499785451605,1.06174678712373,1.0167681770201,0.984449687113221,0.914028750872649
Cyprus,CYP,GDP growth (annual %),NY.GDP.MKTP.KD.ZG,8.36246885710111,1.24854147527125,2.64093066351474,6.11088294947106,4.99795469482918,5.96530445494226,3.95256258200938,3.72297491128981,2.62329962315329,5.02627226665527,4.85298762175586,4.71378358593959,5.09822614854798,3.64698922103939,-2.01508203683694,2.28267100119788,0.416711868408683,-3.44738151374587,-6.58747751118347,-1.77605867728616,3.41892038889013,6.57359080924678,5.75083236554525,6.27166360056404,5.87559583386607,-3.22063018637567,11.3975590801512,8.73854684881674,3.62045368236082,3.94076934447787,3.77325347982725
Cyprus,CYP,GDP per capita (constant 2015 US$),NY.GDP.PCAP.KD,19453.837890625,19385.27734375,19617.17578125,20562.287109375,21349.740234375,22383.955078125,23019.240234375,23604.177734375,23930.7734375,24799.63671875,25631.35546875,26395.490234375,27156.806640625,27449.212890625,26183.673828125,26090.037109375,25538.76953125,24285.484375,22711.708984375,22373.56640625,23088.4296875,24477.974609375,25665.990234375,26962.392578125,28167.146484375,26895.671875,29517.05859375,31505.2109375,32022.01953125,32757.541015625,33526.828125
Cyprus,CYP,Gross fixed capital formation (% of GDP),NE.GDI.FTOT.ZS,25.2015448701961,24.0682870196313,24.5542958176662,19.6816390333583,21.337606714648,20.0836358035085,19.0227236079028,20.947638628419,20.2861873439701,20.6457343555968,21.5266894687851,25.0775609714329,25.5483408894883,27.1833090122118,23.4393429106478,22.3931532844937,18.9835410036702,15.4617926757181,14.0795248605542,13.3043398828757,12.833004711897,18.0346280830739,20.7947375308198,18.5806193226431,18.6839198824146,20.8183845649063,19.2171328479755,20.365352478474,21.9867256098379,20.5485340033866,20.0344829457622
Cyprus,CYP,"Unemployment, total (% of total labor force) (modeled ILO estimate)",SL.UEM.TOTL.ZS,2.6,3.1,3.4,3.3,5.532,4.766,4.043,3.336,4.153,4.77,5.481,4.593,3.946,3.756,5.594,6.359,7.942,12.097,16.131,16.277,15.026,13.006,11.155,8.504,7.155,7.755,7.513,6.806,5.835,4.9,4.924
Cyprus,CYP,"Foreign direct investment, net inflows (% of GDP)",BX.KLT.DINV.WD.GD.ZS,2.44773444158473,2.33471280264574,5.72402307066318,3.37019212736607,7.74491774842636,8.56085877135346,9.08590170377257,9.66223830535239,6.24270945639917,6.459620091748,6.30362669067508,9.32556556614527,9.57345612845137,44.3647557897632,252.66766836908,125.272736246416,151.736913469908,289.858155745793,108.090333712845,233.165814267121,137.220747221649,15.8272346194166,184.054180339924,307.086610313426,431.788575910459,-296.013333456363,21.8171208826836,0.172623567791445,-63.1546391215421,-133.824213233455,27.0778550174763
Cyprus,CYP,Exports of goods and services (% of GDP),NE.EXP.GNFS.ZS,66.7632937695315,70.2076672511647,69.185609012311,68.6974814727821,66.9264639996054,69.9628239174311,68.2088550711651,62.4053067776663,57.7621279453982,56.8898030886863,55.6921064986712,53.4358108781673,53.2589801292313,50.081695822203,48.7222504024133,50.3345258473469,53.4540858842518,55.2783809408715,61.2965904312478,65.9517048728868,70.0173031293258,70.4840522281272,73.8364791392389,74.511134620546,75.7588643662806,79.647252717685,90.7578331633624,104.666076513256,96.3899707005315,97.0202359384563,97.5738320583018
Cyprus,CYP,Imports of goods and services (% of GDP),NE.IMP.GNFS.ZS,67.6272202950778,70.6413161934037,70.5773675916753,66.2122552879049,64.2828693446888,67.532079331125,63.6402127969492,61.2360253457133,56.2425050360864,57.0138104005206,56.2249587732868,56.3706871621756,58.0161427153915,62.8442350525052,54.0688414967863,58.5671734221764,57.1630454027873,57.0658923564013,59.6296102081412,64.8926582065034,67.2591233478671,68.538046229121,74.1768764188964,73.1124327895079,74.747298763229,81.0214637422846,86.0699036565075,101.087453739449,94.3509872559874,93.3826349823034,91.9222700471352
Cyprus,CYP,General government final consumption expenditure (% of GDP),NE.CON.GOVT.ZS,12.4714862570759,13.2076010815721,14.8481477434291,16.1052493664581,16.1885658619995,15.2364552886536,16.0963232290957,16.7886976534048,18.0891177872796,16.7828088035016,16.7524529076344,17.1893825203549,16.7546542990593,17.3628609634952,19.1192169870489,18.7471157245929,19.3608887386673,19.1014564892632,18.7335653096676,17.0727810804208,16.6093100075551,15.487159442376,15.0336429268327,14.711254825282,16.0348841954706,19.2034035770133,18.7839806304444,17.9936691019068,18.4416024400142,18.4085961733462,18.4850473125663
Czechia,CZE,"Inflation, consumer prices (annual %)",FP.CPI.TOTL.ZG,8.99052361478449,8.75877472878111,8.59615666715564,10.6983655274888,2.1354484441733,3.77538829151729,4.66267556988258,1.90298097019027,0.118739205526815,2.76010781671153,1.85709789109228,2.53399258343633,2.8531243721117,6.3586638015237,1.0193773532923,1.47272727272728,1.9172191363555,3.28762306610411,1.4382978723404,0.343988589646794,0.309364548494975,0.683504209385703,2.4505339846014,2.14949494949493,2.84787595918041,3.1612952849781,3.83984491500146,15.1001651468371,10.6612601372427,2.43531202435314,2.45996367838865
Czechia,CZE,Population growth (annual %),SP.POP.GROW,-0.0613140627238111,-0.11638129923463,-0.107762749274352,-0.0947447516571582,-0.102175934295454,-0.280414108078884,-0.375719704335905,-0.192901617564167,-0.028620590719166,0.0304348483027166,0.138325980046718,0.270795629232185,0.583542205385113,0.829412602993033,0.569729451418061,0.29136167418042,0.206747667335417,0.139925655740972,0.0331699460503076,0.105277581527518,0.196588748472653,0.192048415842684,0.265642663548985,0.334427262299794,0.393788864202175,0.243222682211879,-1.81187141002542,1.5709725672011,1.78238907045946,0.376553049157494,-0.16657564691038
Czechia,CZE,GDP growth (annual %),NY.GDP.MKTP.KD.ZG,6.22140598863832,4.16858426915319,-0.595838414214853,-0.393150193750415,1.37836060943835,4.010669619984,2.9172195289956,1.51345949139996,3.300836832613,4.73633969683438,6.37502886086791,6.62317299177447,5.48882595164517,2.61226807205139,-4.79832416684926,2.71466509907701,1.77238085338473,-0.770668190622743,-0.0418124160447491,2.24521219862635,4.95875848915604,2.58087013921376,5.17356529967881,2.83030588267866,3.56577658128261,-5.30487955463876,4.02901832055149,2.8471706583814,0.0475803308973752,1.25131096245923,2.58046673293437
Czechia,CZE,GDP per capita (constant 2015 US$),NY.GDP.PCAP.KD,11453.3800188807,11944.7171474526,11886.3480904927,11850.8396211995,12026.4688076608,12543.9364342367,12958.4667607533,13179.9878092741,13618.9349633164,14259.63342798,15147.7214417611,16107.3042502688,16892.542854974,17190.6470333289,16272.8084766719,16665.9317825137,16926.2846674435,16772.3539223328,16759.7808635642,17118.0425571578,17931.5987670768,18359.0978103904,19257.6930680911,19736.6295261285,20360.0599221814,19233.1469549829,20373.8783043424,20627.348651011,20272.5874017334,20449.1135911311,21011.7675172345
Czechia,CZE,Gross fixed capital formation (% of GDP),NE.GDI.FTOT.ZS,33.4816504944355,34.1632093780358,32.3173712169401,30.8398236143565,30.0159001444465,31.1058465641539,31.0000794883727,29.6344638830734,29.2515839879825,28.5804641980298,28.5248592592412,28.1510781666578,29.6665559482128,28.9056718357901,27.1841500644404,26.5219620764145,26.098348006461,25.3751105408769,24.7753723844816,24.7408229025596,25.6764620589865,24.3093476604522,23.7274064051355,24.8456610600914,25.7720455320028,25.5353602874792,26.2369575229222,27.6877651111963,27.9408667883867,26.5024711602825,26.4083991822779
Czechia,CZE,"Unemployment, total (% of total labor force) (modeled ILO estimate)",SL.UEM.TOTL.ZS,4.082,3.852,4.674,6.455,8.702,8.764,8.128,7.28,7.777,8.298,7.927,7.141,5.316,4.392,6.662,7.281,6.712,6.979,6.953,6.108,5.048,3.952,2.893,2.246,2.015,2.55,2.803,2.224,2.579,2.6,2.825
Czechia,CZE,"Foreign direct investment, net inflows (% of GDP)",BX.KLT.DINV.WD.GD.ZS,4.23883721598216,2.11680269383607,2.05707979520759,5.50725202620316,9.62483232120859,8.02095314137193,8.27868500809023,10.2854716819753,2.01250274928445,5.34629831368761,10.0027291342114,4.56488300562003,7.26984053281639,3.72734017480649,2.54701925348654,4.81502985527419,1.80994155301699,4.48424380759869,3.45386726376292,3.83510153423089,0.898913491904098,5.47566421423918,5.07066240955503,3.30353998283407,4.18705737619001,3.39114066226469,4.43029524586196,3.02937517288668,3.4462419046487,3.8933976290188,2.68622429295406
Czechia,CZE,Exports of goods and services (% of GDP),NE.EXP.GNFS.ZS,39.9284395098007,37.8990370301148,40.0180990636206,41.8138083917812,42.4907873989701,47.8222277784723,48.6218413983162,44.7797457982463,46.5673230629568,56.8994781682745,61.7588664473362,64.8869825723489,66.150542351883,63.0342206340259,58.4757844686548,64.8915980155479,70.2506376126123,75.1048104767256,75.5803954463061,81.3510352122697,80.0125671431762,78.108333006403,77.6844326231276,75.6097814865591,72.1248511386482,67.7609732344735,70.550045142844,72.4094281428088,68.4031069284452,68.8585282145125,66.9450959346234
Czechia,CZE,Imports of goods and services (% of GDP),NE.IMP.GNFS.ZS,42.9725595627246,42.7005209295452,44.1351316041027,42.1248439289515,42.9663362406413,49.6761678543151,49.9150323317027,46.0995257474119,48.0795370036041,56.2744978021405,59.4324208687688,62.164032482667,63.7261971530059,60.870589295922,54.5734703162206,61.8648821012499,66.5002179298254,70.375384920209,69.9218351786551,75.0640876146159,74.0058338544563,70.4386716580323,70.066402231634,69.5319364042301,66.0297588552233,61.0194570714913,66.8280711600245,71.6020659665878,63.489491367431,62.6080799110665,61.0943414396528
Czechia,CZE,General government final consumption expenditure (% of GDP),NE.CON.GOVT.ZS,20.2934701674742,19.5707166747439,20.2009863687013,19.1670001715168,20.0282277182962,19.6626244947285,19.6216662152036,21.0969189481399,22.0968044227069,20.8347947406824,20.5231697315457,20.1443409705596,19.3477516245405,19.3675939254461,20.9109353555502,20.5105590148358,19.7936930986447,19.4568454729596,19.725109864186,19.3139501657267,18.9209239494365,18.8932135460652,18.6307764072052,19.249976213404,19.3687276792878,21.4386037275248,20.9062495293492,19.5953203121986,19.5951514787546,19.9751233470478,20.0164039954878
Denmark,DNK,"Inflation, consumer prices (annual %)",FP.CPI.TOTL.ZG,2.08360842382855,2.12629802275577,2.1821667790712,1.84565122007883,2.49779544404529,2.90328203236461,2.33787000255263,2.42443661219695,2.07507820646506,1.15435693124934,1.81781458291254,1.92422138464584,1.69326586220324,3.41626794258374,1.30470991024336,2.31092436974786,2.7586822605125,2.3979148566464,0.789071780078062,0.56402054044954,0.452034153691575,0.250000000000031,1.14713216957602,0.813609467455631,0.75813157251162,0.420711974110025,1.85304543989689,7.6965669988926,3.30517811237606,1.37220049768926,1.89367372703044
Denmark,DNK,Population growth (annual %),SP.POP.GROW,0.520962181078711,0.565926341934592,0.415564969331455,0.363162523600756,0.330886246186545,0.334233618829261,0.358315678955486,0.319487125340996,0.272010444031566,0.258432282052875,0.275481733409308,0.328645158919929,0.443466054321374,0.587547590258978,0.535079062079429,0.444197154509531,0.411737855195019,0.376272242619955,0.416901360752097,0.507053283010163,0.706423849687002,0.780392644135167,0.643350903737356,0.495838925879129,0.358130915892652,0.291641177476633,0.433414489409722,0.787502464739957,0.741185515720057,0.503861198167737,0.536903805914283
Denmark,DNK,GDP growth (annual %),NY.GDP.MKTP.KD.ZG,3.03802150461165,2.89575069230459,3.16848143784479,2.32630274538961,2.96730536257029,3.72400899471576,0.95003224600012,0.456530018779986,0.441091006625101,2.77635180744053,2.35960882992528,3.81648769908172,0.987173815945127,-0.417178439991005,-4.97447905669058,1.58289703108802,1.3108037609606,-0.00543230161670749,1.39267343161971,1.27799983192831,2.10441456445301,3.07304549209093,3.05647723922718,1.8600074900921,1.71140093932736,-1.78010601831291,6.50025445756295,0.443832614908331,0.604587766175584,3.47783593140312,2.92843280014236
Denmark,DNK,GDP per capita (constant 2015 US$),NY.GDP.PCAP.KD,43328.5293418439,44331.6199637443,45546.5896151864,46437.1921069175,47657.1731901716,49266.9882757886,49557.1509962227,49624.5965359582,49708.0909084109,50956.3045398814,52015.1841169021,53823.1590295482,54113.9771471341,53572.5346568185,50635.9118061988,51209.4492757775,51667.5313210425,51470.689845427,51970.3909324806,52368.3625969272,53094.0133607574,54300.2039621991,55601.0145717787,56355.0733084714,57114.6227336347,55934.5555945523,59312.8158043771,59108.7449374068,59026.9843650999,60772.8624276041,62217.6077931564
Denmark,DNK,Gross fixed capital formation (% of GDP),NE.GDI.FTOT.ZS,19.4560070015007,19.5896914546946,20.7948183691866,21.5345615753645,20.8924153475453,21.4595866119596,21.2637917919829,20.5871139257349,20.6976456717052,20.6579399200817,21.1723797337583,23.2747647050451,23.4983863063468,22.9393877468768,20.1024313779465,17.9939144621449,18.1475309529928,18.7986435638088,18.8065381186482,19.334256991948,19.8029126025869,20.9848820610106,21.2303828701723,21.7629454283236,21.3534089903591,22.1844244807288,23.206237827405,23.0897420855077,23.5305356705048,23.3320384051141,21.8499948975285
Denmark,DNK,"Unemployment, total (% of total labor force) (modeled ILO estimate)",SL.UEM.TOTL.ZS,6.992,6.844,5.4,5.039,5.141,4.476,4.164,4.274,5.398,5.204,4.83,3.897,3.801,3.683,6.409,7.746,7.769,7.798,7.384,6.925,6.278,5.989,5.833,5.131,5.018,5.644,5.065,4.434,5.094,5.358,5.529
Denmark,DNK,"Foreign direct investment, net inflows (% of GDP)",BX.KLT.DINV.WD.GD.ZS,2.23936020307567,0.412544985702368,1.61143462898396,3.77361587089095,9.4710973726909,21.9534625057579,5.63216582111414,2.47818532882922,0.542449723524164,-3.49390841296768,4.8451921902896,0.841695783435792,3.68799602330786,0.617279543987987,1.17142791849018,-3.56794135328115,3.93792637361731,-5.00312031968255,0.197410828523168,1.86415567840611,0.61075067778712,2.49983169836595,1.08780490285886,2.46670057625106,-1.10067098319484,0.363874538682217,4.18538817542322,6.9048667972729,2.0346382929142,4.29658848924698,..
Denmark,DNK,Exports of goods and services (% of GDP),NE.EXP.GNFS.ZS,36.6433305842217,37.0972755027358,37.8274440412224,37.2107081900933,39.3655724189585,44.8786835833686,45.5295862400865,45.6653553506862,43.7731471646248,43.821544808921,47.3751212346545,50.6843661293202,51.3974872348582,53.9709187280921,46.9989097546293,50.5907805356338,54.0836272472402,55.0808426058575,54.9209092360852,54.8334037514843,55.8143215733858,53.7439528985173,55.3459515613736,56.9833683807386,58.9506079167167,55.0368973244514,59.2073478715957,70.7552148776405,69.3143620591443,71.0020132043046,70.117072547021
Denmark,DNK,Imports of goods and services (% of GDP),NE.IMP.GNFS.ZS,31.9299840662634,31.4292069189282,33.4627319339757,34.1347093080278,33.3632842247274,38.1634023715179,38.3930783589425,38.8192372031409,36.9881530117296,38.1861860150935,42.0236740114126,46.7454946434639,48.6501873591805,50.4993914403968,42.3959469016436,43.7969476962718,47.929303227068,49.2814378993139,48.6919040131042,48.3774554736546,49.3160408805133,47.7088309101261,48.869725359068,51.8306171211701,52.9408671489359,49.3965353466999,53.114124825695,61.2406100314303,60.3109753721333,60.7630177709021,59.1052317850969
Denmark,DNK,General government final consumption expenditure (% of GDP),NE.CON.GOVT.ZS,24.0750783561526,24.1277544262897,23.6827316088499,24.1485067791175,24.3809361920612,23.8945498996635,24.3164556656334,24.8516750807021,25.0046206344963,24.876943106012,24.4753809368542,24.2117228725999,24.3255249691694,25.031972361996,27.8623234636654,27.3801394885136,26.5845819349879,26.5628010069545,26.0034653581423,25.8911174111576,25.6262547141678,25.0237383032028,24.5289323246201,24.4557315261934,24.2750272055161,24.7615954646637,24.0299963077054,22.056140655887,22.8417159136425,22.964876852476,23.2175760812324
Estonia,EST,"Inflation, consumer prices (annual %)",FP.CPI.TOTL.ZG,28.7766137208514,23.050343349517,10.5818789322146,8.20833333333298,3.29611089718909,4.01848952508763,5.74827981651373,3.57191270164027,1.33499116549955,3.04811107523416,4.07971423199849,4.43762042389213,6.60132603055637,10.3623580313683,-0.0784083112809768,2.97204512015694,4.9819013145361,3.93339987296985,2.78056658954988,-0.10617514652171,-0.49232600654737,0.148684907627373,3.41723549488054,3.43632688420446,2.27725931243522,-0.44453109767983,4.65316673847473,19.3982634080616,9.15922507983982,3.5194118998392,4.82920753628342
Estonia,EST,Population growth (annual %),SP.POP.GROW,-1.78539953576165,-1.47536463752721,-1.14091924023266,-0.960559004588775,0.294482275915173,0.483707161729931,-0.63696312445507,-0.633433796423808,-0.627622448059203,-0.597820510395586,-0.572255524659659,-0.589655559840225,-0.456188535090031,-0.268133719541207,-0.192768077420229,-0.22805796852935,-0.303582823643979,-0.357944411443807,-0.355891802625531,-0.262256175097854,0.0655525295417938,0.0291122255540077,0.121070631466687,0.348039137980543,0.371554389037477,0.197559185177642,0.105996956310127,1.33655151148286,1.57745133607335,0.149856351926424,-0.428360939161402
Estonia,EST,GDP growth (annual %),NY.GDP.MKTP.KD.ZG,4.52668338927012,4.94301226131752,13.0500207047869,4.33982761193587,-0.425025372086623,10.0876385800462,5.88074589534277,6.93300082616575,7.59630181032645,6.80070110758655,9.52305386462066,9.76257131206653,7.57091879311882,-5.12531154308803,-14.6302225427906,2.4497502063999,7.60697458913162,3.67201872506541,1.75649379621869,3.32278988182702,1.83815262882932,3.09301920751959,5.63467248963991,3.69969756161726,3.72664943466884,-2.88380751483778,8.25488044580031,-1.22616966587796,-2.74421914571231,-0.0900428648493801,0.584308464789387
Estonia,EST,GDP per capita (constant 2015 US$),NY.GDP.PCAP.KD,7170.94607721168,7637.25708286963,8732.99085657194,9199.93534127632,9133.89593384355,10006.7696280939,10662.9455020331,11474.6622721923,12424.0441535693,13348.5284463324,14703.6179707772,16234.5152041417,17543.4661785723,16688.997772178,14274.8511086787,14657.939813612,15820.922342204,16460.6843479001,16809.5326683781,17413.6867560212,17722.1557669523,18264.9873304279,19270.8141210511,19914.3454922878,20579.8756732376,19946.945696898,21570.6658455268,21023.2994937246,20126.3730486957,20078.1397620993,20282.1530371991
Estonia,EST,Gross fixed capital formation (% of GDP),NE.GDI.FTOT.ZS,26.5046102966203,27.0301388326535,28.5961825514181,31.3368027133393,25.9049931087952,26.6871960393056,27.4503342036995,30.5528178409929,32.7509545585868,31.7144972621122,32.8564369726627,36.7942378998764,36.3905723897513,31.129010654241,22.6771447061682,21.2332633688528,26.3556426267409,28.4404236317146,27.5327683520592,25.3427695160167,24.0517427038414,23.9449043102923,25.4039470690204,26.5760517476199,26.6153386918257,31.1753648845812,29.9821389244433,25.1608257827686,25.4086839463969,23.8965498272625,24.2245805393396
Estonia,EST,"Unemployment, total (% of total labor force) (modeled ILO estimate)",SL.UEM.TOTL.ZS,9.659,9.915,10.369,9.51,11.573,13.36,13.134,10.026,11.288,10.248,8.033,5.915,4.592,5.455,13.548,16.707,12.328,10.021,8.631,7.352,6.412,6.882,5.807,5.412,4.514,6.956,6.178,5.571,6.378,7.6,8.313
Estonia,EST,"Foreign direct investment, net inflows (% of GDP)",BX.KLT.DINV.WD.GD.ZS,4.592689682119,3.46531703682218,5.31678787173078,10.4966423724993,5.66089553450958,7.31923766598521,9.48590177311271,4.58926418891502,10.5121715393056,8.94665953048459,21.6702241581922,10.3265683442585,13.5105132723156,8.12253971916627,9.50544171137007,13.2770330129027,4.80240449251588,7.6916567949516,4.31393930629533,6.58511618123403,-3.06910519292015,3.7692325610639,6.31892721219604,4.08015832167199,9.76819364646981,12.0147752855703,20.2291128645653,4.52988372813183,12.540812828973,-7.97097840452121,-1.78224185932094
Estonia,EST,Exports of goods and services (% of GDP),NE.EXP.GNFS.ZS,65.9013474101197,61.2792495590997,70.3823658944387,73.6343458033252,69.866107922999,61.6273943170743,61.2953889786181,57.939021497648,57.1473420929668,61.065845203172,65.4224930152567,63.2563546690877,62.595408910398,66.3888247384518,60.8614218164008,75.0459409001608,86.2696175221184,85.3980903719718,83.4541106351012,80.5897352297357,76.0344602333505,75.4768621637455,74.3055583828982,72.9004951572088,72.0191543549198,68.1545534058676,79.6159088233408,87.4299380839503,77.7746597010983,75.6694833213142,78.3623550209044
Estonia,EST,Imports of goods and services (% of GDP),NE.IMP.GNFS.ZS,73.1861262675433,71.6981931917923,80.6689784959639,83.203890024196,74.2503456699339,64.8682320515843,65.2512510886738,65.3433238899221,65.5974307148297,68.8836548744895,70.49029909985,73.3643829935577,71.3854203253559,70.2931634193843,55.8976580434008,68.6258213568171,80.4764549117819,83.7579774018928,81.1475215218144,77.3642096124932,72.4726968902071,72.2693705459549,70.3300925612348,70.5847297075262,68.3329936436289,69.2380878779785,80.8560134825861,88.2571814212899,76.8179574100507,75.3682190891409,77.397561624675
Estonia,EST,General government final consumption expenditure (% of GDP),NE.CON.GOVT.ZS,24.5714517349853,22.6162441541643,20.4062670429621,20.6976037907385,21.9265522595976,19.5619806388734,18.5720982412359,18.200360492257,17.8683580906336,17.392855488542,16.871303912179,15.8488332945378,15.90421336503,18.441635384052,20.5381381495275,19.5661496729768,18.2999173867033,18.0299635768197,18.4065985532398,18.4472968606836,19.2340779553075,19.3440530490863,18.8879154605223,18.7760888753329,19.1166337332142,20.6160142852174,19.9212591691056,19.1559405631707,20.3186991301818,21.0371357535322,21.4566586709904
Finland,FIN,"Inflation, consumer prices (annual %)",FP.CPI.TOTL.ZG,0.79123940693846,0.629194238121054,1.19255883425843,1.39947378579837,1.16223155669441,3.04210080667792,2.57844080098903,1.5712201278938,0.877440386254729,0.187120559084474,0.623874450025224,1.56666380704379,2.5106656524034,4.06595355358383,-9.17360424903996E-07,1.18413523154651,3.4168075425521,2.80833622561574,1.4782861568881,1.0411962117843,-0.207928839905177,0.356684500891695,0.754015047084438,1.08382098409296,1.02409392963431,0.290554555653239,2.19457432339998,7.12350773301412,6.25064322154763,1.56568906231616,0.337874659400574
Finland,FIN,Population growth (annual %),SP.POP.GROW,0.381655333457214,0.328037913627481,0.297377330426395,0.265472962436301,0.232116249119004,0.2076065154133,0.227687341886374,0.242381050233372,0.238457240068217,0.290350361518584,0.342248594286999,0.383777136305104,0.425429832100631,0.465549284507694,0.478246393482911,0.457494535465831,0.463558707499131,0.475809486683209,0.460723772785295,0.413560207519414,0.329383885818507,0.287421401687637,0.234670531705453,0.132641040791912,0.110191690491055,0.143641197212847,0.207288594407348,0.271944526506117,0.499192375381062,0.642640054363343,0.470872218110853
Finland,FIN,GDP growth (annual %),NY.GDP.MKTP.KD.ZG,4.23436710187066,3.66265716987186,6.39770068404337,5.45427021765444,4.38928070374669,5.75373770498848,2.64026205699308,1.68732644358099,2.01179992738312,4.00537952277651,2.77730918518017,4.01957326515895,5.31280176694145,0.784431235717051,-8.07603116552393,3.1682879121621,2.39039455396828,-1.52284013040689,-0.979741024949618,-0.4780684247837,0.466503766322674,2.57193414898754,3.30337003591039,1.19297759742292,1.34973845741737,-2.49103605535707,2.67634641498897,0.763041912763526,-1.28973484453397,0.374566568538427,0.173444509584499
Finland,FIN,GDP per capita (constant 2015 US$),NY.GDP.PCAP.KD,29890.5243289925,30883.8347237846,32762.1179107575,34457.4555939742,35886.4949080548,37872.6020343504,38784.1308115726,39343.0698997627,40038.9839702277,41521.962874476,42529.3506920884,44069.3958834717,46213.6898975737,46359.8732844055,42412.5133513534,43556.5385834368,44391.4535667984,43507.9345371578,42883.6384986417,42502.4880199858,42560.3456767103,43529.6761616969,44862.220404205,45337.2409550575,45898.5708448954,44690.9801103074,45792.0454180872,46016.1492103929,45196.4814400136,45075.1684940688,44941.2341102195
Finland,FIN,Gross fixed capital formation (% of GDP),NE.GDI.FTOT.ZS,19.2973368273508,20.524235857105,21.3697591275144,22.2177014223912,22.4489313410252,23.0668836977402,22.8776112797605,21.6087308003234,21.7883649498398,22.2601596310972,22.9209429997692,22.7685828498042,24.1971784303348,24.4953745888094,22.9565025999395,22.8209857186136,22.9086033745668,23.3149347732785,22.3315331429947,21.7167423672002,21.4199398645048,23.0524251681601,23.6891760789654,24.5932601711908,24.4207984303071,24.6561782162302,24.4207361193742,24.6641741973059,23.3984725554477,22.0530955495248,21.834123391667
Finland,FIN,"Unemployment, total (% of total labor force) (modeled ILO estimate)",SL.UEM.TOTL.ZS,17.005,15.572,14.967,13.214,11.693,11.134,10.29,10.423,10.469,10.358,9.602,8.935,6.854,6.369,8.249,8.394,7.781,7.689,8.193,8.663,9.376,8.818,8.64,7.361,6.695,7.759,7.617,6.719,7.149,8.4,9.461
Finland,FIN,"Foreign direct investment, net inflows (% of GDP)",BX.KLT.DINV.WD.GD.ZS,1.08213150468094,0.570466106660747,1.93443153560282,9.34012543041459,5.76613954282465,10.7186649142355,2.48974555634762,5.76697056308707,3.47606211936874,3.43216639798219,5.30500837470056,2.1374386449528,8.57406338234925,6.7927004343529,-3.48204515637954,4.89959763196754,-2.18405747554129,1.91512248449208,-1.83489440736896,6.41537482088507,7.53800542922806,2.18951964860612,6.66136555422276,-3.84456657280518,6.09707710249334,-0.939114055968044,8.01406291677223,4.66691154081507,-0.0388895700301826,2.9263489451501,-0.090167862928476
Finland,FIN,Exports of goods and services (% of GDP),NE.EXP.GNFS.ZS,35.7994596461292,36.3572178040146,37.7920624029468,37.4521510242379,37.6126978122439,42.0483040781312,39.7682089438709,39.1471301535974,37.3294488313537,38.6195122873108,40.2785031518346,43.0831708713938,43.8289523626236,44.9027814242251,36.0833081134619,38.4130493709706,38.9673926791632,38.9349130144028,38.250195334575,36.8060042262758,35.7815711349623,35.3333302428645,38.1663150961701,39.1492205860158,40.6183181143561,36.2143434283611,39.9217732469328,46.2847802806846,42.7684474643322,41.9032366762925,42.3266920911003
Finland,FIN,Imports of goods and services (% of GDP),NE.IMP.GNFS.ZS,28.3360757307981,29.4331074654089,30.4557437434546,29.5389060956066,28.6417943383141,32.8772747936005,30.5159287201012,30.1738075990299,30.7420541281622,32.3482906117512,36.3104708925947,38.9173960581045,39.0342084582939,41.2868784523276,34.0446254161279,37.0481591521523,39.7485517694974,40.4954635738454,39.2349764369991,37.8217677491438,36.1802542437391,36.3888798750214,37.772467134834,39.9943942562687,39.9458321803805,35.9702521712277,39.8675049444453,48.2777537715821,42.7457372575594,41.5477928788049,41.0692518801012
Finland,FIN,General government final consumption expenditure (% of GDP),NE.CON.GOVT.ZS,21.9158185548581,22.1824529060474,21.3201040049113,20.5819099733457,20.2651156925793,19.7468948425791,19.9249030170178,20.6096739423336,21.0850679568135,21.1816732917142,21.4069692589849,21.3090286415097,20.7651061964407,21.5636309349148,24.0663603598646,23.6974280748564,23.4297133894918,24.2072483007117,24.6706339651199,24.6877656602949,24.5699170282408,23.9026131459273,22.9709042037151,23.0853151074794,23.479988931653,24.4378921006654,24.8058400733225,24.167433821181,25.6881742092636,26.0988503331606,26.0676480022811
France,FRA,"Inflation, consumer prices (annual %)",FP.CPI.TOTL.ZG,1.79648142095589,1.98288365089739,1.20394294026964,0.651126867833073,0.537141639134596,1.67595988720928,1.63478079549599,1.92341228727064,2.09847219146919,2.14208964640239,1.74586936380487,1.67512449608726,1.4879980595386,2.81286194914785,0.0876204781574653,1.53112270420919,2.11159795175,1.9541953161351,0.863715497861804,0.50775882293799,0.0375143805125182,0.183334861123765,1.03228275064681,1.85081508315493,1.10825492288294,0.476498852725065,1.64233141038394,5.22236748369725,4.8783572650844,1.99904942291463,0.943770212469976
France,FRA,Population growth (annual %),SP.POP.GROW,0.364159563395629,0.357448008376034,0.356761847855923,0.37054023067343,0.515860143523548,0.686335719566776,0.7289939490983,0.727033002641047,0.705638836747311,0.732625502527391,0.751885116821619,0.696338574828463,0.618225682593305,0.558020613148126,0.513351013325229,0.492976371032656,0.482667411007127,0.483714919435185,0.516915013016667,0.474847846171767,0.355569240058298,0.263868788565368,0.29020211635109,0.358494581816163,0.332559129027963,0.324557781035362,0.356902332389048,0.502320929337976,0.275093143443794,0.261995241898747,0.245766211891762
France,FRA,GDP growth (annual %),NY.GDP.MKTP.KD.ZG,2.30479278392259,1.39707987198881,2.5270616339357,3.45259434279616,3.39930808809441,4.14099996402915,1.89946701186636,1.06775027069419,0.967827182558352,2.86825052501032,1.88856584109286,2.71406448755236,2.53048188351066,0.380171435849121,-2.82455153714783,2.00032476039051,2.43757653729007,0.183835264973013,0.781756446231,0.997832947295251,1.06675474783462,0.860031075424033,2.08361485997399,1.64590872395887,2.02744646419237,-7.44064589948231,6.88233783360239,2.71676264185913,1.43921494437743,1.19046798275883,0.840949955479587
France,FRA,GDP per capita (constant 2015 US$),NY.GDP.PCAP.KD,29379.6158424052,29683.7786067651,30325.522871824,31256.5073830655,32152.7207478734,33255.1379642335,33640.6738002565,33753.5782979758,33840.6175720101,34557.1471111581,34946.0372494703,35645.4162427116,36322.1685141004,36257.3658930938,35052.8510772683,35578.1968010183,36269.9561530888,36161.2918253465,36256.086680981,36444.3949089146,36702.4323733379,36920.5342846914,37580.5979329356,38062.4435961412,38705.2072940618,35709.2045925926,38030.8571685178,38868.3303330557,39319.4152227295,39683.3953489029,39918.8850568745
France,FRA,Gross fixed capital formation (% of GDP),NE.GDI.FTOT.ZS,19.7468961999087,19.4613166260042,18.9622191489104,19.3445588173251,20.1747054792753,20.8814379037151,20.8602882389306,20.3363313536887,20.4989506339345,20.8372793779546,21.2552645424979,21.8977868505057,22.5857089020594,22.9330135074895,21.4495235712121,21.4821676799635,21.6992927837053,21.6559249264002,21.2695637926893,20.9583861621479,20.5598696757557,20.9212601092418,21.4204336075644,21.8753900672966,22.4160955392444,22.4362308511816,23.4832287343303,23.4857708214613,22.8344674932245,22.096846539157,22.0193072027382
France,FRA,"Unemployment, total (% of total labor force) (modeled ILO estimate)",SL.UEM.TOTL.ZS,11.834,12.367,12.566,12.074,11.981,10.218,8.61,8.702,8.306,8.914,8.882,8.832,8.008,7.386,9.122,9.279,9.228,9.841,9.913,10.273,10.354,10.057,9.409,9.018,8.415,8.009,7.871,7.303,7.335,7.4,7.542
France,FRA,"Foreign direct investment, net inflows (% of GDP)",BX.KLT.DINV.WD.GD.ZS,1.48796470785062,1.37419707227678,1.59017858585611,1.97196226741527,3.09171602103703,3.04117027418415,3.65899790543177,3.45413596292302,2.30782482603352,1.68777447237363,3.8837306583925,3.40646118259263,3.15449449926763,2.32326700027606,0.682311492843145,1.46961673029144,1.54005293306163,1.22790071519382,1.18823404938295,0.176974174772525,1.76596182973896,1.44200321416196,1.68928072199317,2.78594184568695,1.96486943301562,0.731471704018579,3.30405312221271,4.0180319137717,0.590645170561014,1.64700185498585,2.16930740558009
France,FRA,Exports of goods and services (% of GDP),NE.EXP.GNFS.ZS,23.6896549224157,24.123002754589,26.6303250476944,27.2527671033937,27.2069773242695,29.7580489893129,29.4306035099419,28.7307017592768,27.1369676673944,27.5381038597962,28.1635565257399,28.9278484836141,28.8585344688926,29.1990596782502,25.8809482311608,27.8264880915553,29.538847336075,30.3556786527444,30.5912853427773,30.741812901515,31.6934947262689,31.498210070063,32.311834044929,32.9179818922164,32.8895429451147,28.5572228192655,31.2880499332105,36.6160484268785,34.4562568778842,33.8897542343832,33.3928225145364
France,FRA,Imports of goods and services (% of GDP),NE.IMP.GNFS.ZS,21.7420067714481,21.9894774043751,23.1731284270416,24.1686656996833,24.4636841396038,28.0279980425069,27.4626293461303,26.4018230910334,25.4619146196714,26.2116609694066,27.65927959839,28.9414290456532,29.2940266620733,29.9807331629246,26.3181640716005,28.7610671562408,31.0667881455656,31.3032784243658,31.2279485306189,31.4574540364356,31.8111924693795,31.8445463682721,33.0840141110421,33.8842788890102,33.5394177830602,30.2816679047993,32.5004326976615,39.3469593713211,36.1698881831383,34.2184333099912,33.7995547693485
France,FRA,General government final consumption expenditure (% of GDP),NE.CON.GOVT.ZS,23.46371205066,23.7415432258114,23.6993641470231,22.882743269493,22.8751429955818,22.5671731170038,22.3707737987828,22.9264417640312,23.3944403323453,23.2485826224361,23.2676164215078,22.9243083284869,22.6031042332269,22.7021994023416,24.3002289135229,24.1680736361072,23.9675950446463,24.221669371356,24.3749917171768,24.3650803342345,24.0699697865215,24.1199645562687,24.1919805138631,23.8446408341,23.5183661191968,25.3398365561446,24.9318498691222,24.6248865673257,24.1335073268869,24.1796131435876,24.362352052313
Germany,DEU,"Inflation, consumer prices (annual %)",FP.CPI.TOTL.ZG,1.70616041317076,1.44972701963239,1.93936968221574,0.911184687196224,0.585434192138622,1.44026838719741,1.98385731334471,1.42080615551526,1.03422218628562,1.66573696655992,1.54691114751328,1.57742642840563,2.29834400700951,2.62837981637219,0.312739007368447,1.1038103778926,2.07517283735874,2.00848884782956,1.50472330251876,0.906794000434246,0.514426137125456,0.491747008445174,1.50949485109628,1.73216879766942,1.44565976888253,0.144877925813982,3.06666666666673,6.87257438551097,5.94643667725823,2.2564981433876,2.17178770949721
Germany,DEU,Population growth (annual %),SP.POP.GROW,0.293904443716697,0.289474899455448,0.146313281561803,0.0151436508552808,0.0646345779052372,0.135431600393084,0.168225361337335,0.168128319406931,0.0553633035873241,-0.021709727650009,-0.0567782618352031,-0.112797497644931,-0.133718572600486,-0.190142844695674,-0.253383410163402,-0.153198446937304,-1.8537146287573,0.187727800567293,0.272900214681538,0.416877359168292,0.865702643950251,0.807218538573871,0.373724559895838,0.300526701992065,0.22551987421288,0.0816931586494595,0.0423270572552137,-0.0219565701848977,0.131511079477747,0.274957829184881,-0.0303506708320264
Germany,DEU,GDP growth (annual %),NY.GDP.MKTP.KD.ZG,1.50499384201356,1.0378755674358,1.85432238398302,2.09561231172233,2.12957016297766,2.8765231247659,1.63614170690956,-0.228255715793637,-0.529801394291297,1.16208684507278,0.885485292551564,3.86668241523209,2.8891174138025,0.887902330743628,-5.54455451920674,4.13463778522758,3.75796884489337,0.463512036709204,0.396995583779145,2.18018602168017,1.66300602334775,2.22222216259371,2.797906720551,1.13569604599849,0.977734697038784,-4.13191443239947,3.90999994204108,1.8092581243061,-0.869647578573321,-0.495851897260366,0.239578342117881
Germany,DEU,GDP per capita (constant 2015 US$),NY.GDP.PCAP.KD,32007.145402934,32245.8608379557,32795.7833455165,33477.9856458764,34168.8308210083,35104.1308467844,35618.5143698493,35477.5151544301,35270.0227284267,35687.6378708542,36024.0947047021,37459.261328042,38593.0749910508,39009.8477636357,36940.4078672661,38526.7371042695,40722.4849268242,40834.5088218456,40884.8926759028,41602.4661281668,41929.7549110722,42516.9337063103,43543.4807050551,43905.8550061973,44235.2658954682,42372.8726784255,44011.0194631674,44817.1316331389,44368.9920074881,44027.7631554469,44146.6409090446
Germany,DEU,Gross fixed capital formation (% of GDP),NE.GDI.FTOT.ZS,23.4646539609354,22.9329136765255,22.5726166390468,22.700871775346,22.8334713369664,22.8829484518656,21.5433631059471,19.8867030080599,19.2638822568625,18.8314639081743,18.7644203275559,19.4624059220668,19.7151702055684,19.9630399184329,18.8381977329318,19.1861612229759,20.0081182128282,19.9663127661399,19.5771468839831,19.782574460457,19.7477510746575,20.0438468833034,20.1339289732412,20.8175234345652,21.1522978107472,21.3426763110307,21.181504152251,21.6010467765749,21.1916877404125,20.4603173503166,20.312556628657
Germany,DEU,"Unemployment, total (% of total labor force) (modeled ILO estimate)",SL.UEM.TOTL.ZS,8.158,8.822,9.861,9.787,8.854,7.917,7.773,8.482,9.779,10.727,11.193,10.277,8.732,7.508,7.88,7.043,5.967,5.372,5.316,4.979,4.612,4.104,3.781,3.384,3.163,3.881,3.594,3.137,3.071,3.4,3.711
Germany,DEU,"Foreign direct investment, net inflows (% of GDP)",BX.KLT.DINV.WD.GD.ZS,0.463719193036007,0.262216034922948,0.551860657726695,1.09412180309305,3.88620516447701,12.6085323042305,2.89610853662771,2.43861371432105,2.5802310174772,-0.715503012520614,2.06799391408494,2.87049561649648,1.4594247021417,0.81284475683707,1.63004671127687,2.48154528887853,2.55089499875415,1.8196411156431,1.76515036525359,0.437762571704246,1.82239938063641,1.64365840117303,2.88914588414184,4.00082875273687,1.9056930139782,4.48523547812751,2.93002168676674,1.82269397984058,1.99210813981277,1.33680512940413,1.88462297077013
Germany,DEU,Exports of goods and services (% of GDP),NE.EXP.GNFS.ZS,21.4815282668309,22.2821690795205,24.7013999735662,25.6601609051036,26.0298761818567,29.6806532498145,30.5604113813066,31.1904504893495,31.2678451095809,33.9352126434777,35.9531497908166,38.9694499171537,40.6368056265783,40.9488738182043,35.4545162932994,39.4953465429823,41.6436286591115,42.6855834357406,41.6802838324356,41.6936675523627,42.5853976151835,41.6355419518592,42.2029575981591,42.4968914074717,42.3402444816356,39.1198068808828,42.5198379291429,45.6284043425185,42.9672624196847,41.4340593720908,40.4347738545071
Germany,DEU,Imports of goods and services (% of GDP),NE.IMP.GNFS.ZS,21.1246203807509,21.6214170158045,23.6789210951718,24.4953048741291,25.4893512545493,29.5149460477259,28.9988749869052,27.1421182354634,27.6466991846698,28.9712783030388,30.9999527026155,33.7897435474697,34.2470360551014,35.1642927763703,30.6846112824132,34.389888577044,36.7893742423305,36.6460661312909,35.9057450252575,35.1546840812607,35.1711839535087,34.3704482647463,35.2518818760857,36.6283346388937,36.7329982359327,33.8137258311309,37.3996969318423,43.1573498705316,38.9952859590786,37.6566712174028,38.0780373654056
Germany,DEU,General government final consumption expenditure (% of GDP),NE.CON.GOVT.ZS,19.6370918928592,19.8855104326544,19.5504732663,19.2703393643902,19.6219502801795,19.4381262736775,19.2505681999335,19.5364673287277,19.5718512502176,19.0500819872309,18.9329710067033,18.4550198254045,17.9745262015089,18.3532487795835,19.9998396131469,19.5782446104785,19.0549016895348,19.250307221857,19.6050556780441,19.5519807537017,19.6286398253337,19.8387899386895,19.7410226485175,19.8170953660859,20.2841166093722,22.2865083229007,22.1929805504109,21.7629762946215,21.4537922077307,21.9863385516647,22.5148381063601
Greece,GRC,"Inflation, consumer prices (annual %)",FP.CPI.TOTL.ZG,8.93451415961517,8.19455217632728,5.5360026677348,4.76622572397641,2.6366330602198,3.1511816249383,3.37396832213867,3.62935871878874,3.53065027765552,2.8988481075817,3.54507273335078,3.19594684144545,2.89500321516578,4.15279708110293,1.21007269197809,4.71298907760388,3.3298532335065,1.50152696177758,-0.921269454256994,-1.31226096405506,-1.73588804765284,-0.825653978390973,1.12125452031419,0.62562141345364,0.253007522038157,-1.24798355581405,1.22382501019854,9.64525981280632,3.46480128513405,2.74101875679486,2.48209745378857
Greece,GRC,Population growth (annual %),SP.POP.GROW,0.467197289199787,0.44067053086068,0.493267144825827,0.554211902922578,0.383471311618576,0.409041838238246,0.51988446396193,0.366566462148184,0.238643175320258,0.247413542822812,0.293249074052818,0.30033180096664,0.254757581935775,0.265457836726293,0.263026401346927,0.128880432668041,-0.147951277402184,-0.540752950543684,-0.725120806658085,-0.666113290031891,-0.658861360878339,-0.415913028277122,-0.197783224759792,-0.202880238259165,-0.105339392724138,-0.214592106571664,-1.20806995499074,-1.25977874589147,-0.292192792101549,-0.0213045199396999,0.0848067613416544
Greece,GRC,GDP growth (annual %),NY.GDP.MKTP.KD.ZG,2.09971953235275,1.38247057325857,3.60288326516122,3.43693579661333,2.65878562321184,4.13782699405849,4.65041459442163,4.68313727063017,5.79682274294369,5.37786634595851,1.18350635493289,6.44339762487436,3.50686976639459,0.0574740238200775,-4.11927606715011,-5.6937412158003,-9.87677875300243,-8.33113421099992,-2.27211699888024,0.792225060962835,-0.228301892172851,-0.0317947678412054,1.47312472702352,2.06467207892409,2.27718065334808,-9.19623149726978,8.65449786002131,5.52198580589408,2.13591131996631,2.0865743380603,2.07306882481713
Greece,GRC,GDP per capita (constant 2015 US$),NY.GDP.PCAP.KD,15857.4161930856,16005.9511569711,16501.0316491318,16973.8293714071,17358.4346978294,18002.9064613985,18742.4235780691,19548.3677447396,20632.2557041942,21688.1050959558,21880.5265835801,23220.5324419197,23973.6936091313,23923.8800731311,22878.1346644397,21547.724178239,19448.255802525,17924.6620496886,17644.8766635021,17903.5252440012,17980.7298238137,18049.928997892,18352.0884461258,18769.0389621976,19216.6759579785,17486.951333323,19231.2888803517,20550.5049158297,21050.8648111581,21494.6856060599,21921.6862747184
Greece,GRC,Gross fixed capital formation (% of GDP),NE.GDI.FTOT.ZS,20.9666910176002,22.1084202126939,21.5899391374926,24.5135902861657,25.3860319397874,25.9373547837658,25.5981996968449,23.875854552048,24.8780068243839,25.0449225325719,21.3568870584015,24.0565849914051,25.5308773380251,23.2806962442851,20.438446980754,16.8200572069043,13.8655955400985,12.2795312839599,11.5362301011246,11.233781428641,11.1610941969144,11.3684708155605,12.0492834143889,11.3310526081969,10.97046317576,12.2998658740322,13.7915466530779,15.7213358540523,15.8842464967092,16.0395231559948,16.881202808615
Greece,GRC,"Unemployment, total (% of total labor force) (modeled ILO estimate)",SL.UEM.TOTL.ZS,10.116,10.402,10.472,12.227,12.138,11.345,10.764,10.346,9.839,10.628,10.074,8.906,8.351,7.664,9.546,12.719,17.973,24.731,27.686,26.708,24.981,23.514,21.413,19.179,17.045,15.899,14.656,12.426,11.023,10.02,8.54
Greece,GRC,"Foreign direct investment, net inflows (% of GDP)",BX.KLT.DINV.WD.GD.ZS,0.780146702751379,0.742440592629103,0.709107072596583,0.050998184830191,0.0603079297166702,-0.00651674495547754,0.00151553151660002,0.0227485404811931,0.71501703822218,0.914091172780157,0.284127006962334,2.01112523714783,0.622837777539062,1.6328960526629,0.846404808815716,0.179789223267027,0.38562256563474,0.695897838082299,1.24506178790059,1.15314480305525,0.652184629866422,1.3975055397238,1.7162955046024,1.88723349665643,2.41172201156202,1.72637818314203,3.0165221032062,3.69648293387112,1.94366777616511,2.6312519942121,..
Greece,GRC,Exports of goods and services (% of GDP),NE.EXP.GNFS.ZS,14.3698138940673,14.3133826805479,16.3703291341876,16.4859160819922,19.4159179149726,24.0112579525333,23.1597595757815,20.3831024226226,18.8734923843085,20.6093109136223,20.9925302883149,20.7749728037536,21.7481874684459,22.7847919983615,18.7298820095072,21.7288294018439,25.3075993531569,28.9658220302701,30.3271984442629,32.5150455771625,32.1863593046186,31.179360220916,34.7793593671863,38.6308100555801,39.5602885530263,31.4504324884115,40.260408549747,49.2316205589503,43.8388384656123,42.1116783220502,39.4617692969977
Greece,GRC,Imports of goods and services (% of GDP),NE.IMP.GNFS.ZS,21.7558214495402,22.5075465825416,23.0682195187208,26.0039798757566,28.7601191111593,35.1013997962753,33.6978743793252,29.6702347678407,29.0208197707737,29.2160067589458,29.3630031508258,30.329773779727,32.7774943504585,34.3204916281311,27.6480773891011,29.1936887978789,30.9853964410338,33.4283897048617,32.6275287772745,33.9184908742053,33.0852861573132,32.4781888673706,36.103137372539,40.6071808082905,41.0298063980194,38.843313969663,47.7522568992909,58.8902226709721,48.6322498290894,47.6648496225666,43.9898535848415
Greece,GRC,General government final consumption expenditure (% of GDP),NE.CON.GOVT.ZS,18.0441747147519,18.0223153618964,18.2430138520099,18.1011539284347,18.6953963589017,18.9415218821818,19.3185326264761,19.7794565008636,19.4823529814517,19.6437154720992,20.479695323459,20.4905420058785,20.8258128706201,21.0228551648873,23.7121814554061,22.5152170378048,22.1197087765907,22.597228570646,20.9781053748995,20.8255887910482,20.8049242896208,20.7383584988287,20.5455406571724,19.7844178026295,20.0269892386223,22.7908492610084,21.5609928094922,19.8967664454543,19.4429943853483,18.5888630105965,18.2358778794238
Hungary,HUN,"Inflation, consumer prices (annual %)",FP.CPI.TOTL.ZG,28.3054683706654,23.4690301919185,18.3050744143799,14.153789654534,9.99774409303368,9.80361016908125,9.11680911680911,5.26544821583985,4.66101694915254,6.74434679569469,3.56151711378352,3.93032603841001,7.9587451654491,6.0425125388106,4.21171171171171,4.85555795691956,3.9299209893507,5.65214517088646,1.73319984983101,-0.227566270988219,-0.0616446800641672,0.394769306686392,2.34824281150154,2.85024792594646,3.33858635382008,3.32674385766738,5.11096534382855,14.6081439492433,17.1249659678737,3.70370370370369,4.41198445905562
Hungary,HUN,Population growth (annual %),SP.POP.GROW,-0.139220003601429,-0.171771608629025,-0.201458936335808,-0.232679336866497,-0.283260610485194,-0.259764908288633,-0.229379183308447,-0.28475137719698,-0.286433268128688,-0.221439378654807,-0.198878843237103,-0.155716484651578,-0.154915158060948,-0.17509736747488,-0.154908813950621,-0.226013875689698,-0.283360435946948,-0.516437606548041,-0.481259646558662,-0.402887577253118,-0.35946625276649,-0.388598014975531,-0.338685889370073,-0.203687269785053,-0.125143121699401,-0.252049642963059,-0.409163639262836,-0.268850150860009,-0.134269181500181,-0.314510077464087,-0.501292808614035
Hungary,HUN,GDP growth (annual %),NY.GDP.MKTP.KD.ZG,1.48952547593046,0.101234227633242,2.97787906543104,3.84810814449837,3.08605811588221,4.40937501806403,4.06202617226026,4.73006530805553,3.93877761242727,4.96312536156307,4.30028318461673,3.93393162712054,0.332354337878925,0.993437085479655,-6.7401660845502,1.06795068152046,1.91670916599742,-1.33948446518181,2.03216990678146,4.33435364113967,3.65981615406955,2.43864141309342,4.12418389451805,5.60613813768876,5.07718495088933,-4.33872540024058,7.22291580811137,4.15238057779229,-0.817107370513455,0.709070599066038,0.509542309726868
Hungary,HUN,GDP per capita (constant 2015 US$),NY.GDP.PCAP.KD,7704.6409020455,7725.69980358198,7971.80554914825,8297.85419511945,8578.19506388065,8979.73578602949,9365.95393193015,9836.94065083321,10253.723920764,10786.4881991495,11272.7345428122,11734.4544729813,11791.7074416876,11929.7209867703,11142.885928524,11287.3686666108,11536.3578996772,11440.7622718825,11729.5720798501,12287.3779441033,12782.9412577973,13145.6559885563,13734.2442804335,14533.7783144312,15290.8085466331,14664.2971195385,15787.9535427563,16487.7973935944,16375.0462724192,16543.1049095203,16710.9602521813
Hungary,HUN,Gross fixed capital formation (% of GDP),NE.GDI.FTOT.ZS,21.7047010170121,22.7893893148991,23.1976474946744,24.1105827537385,25.036764024712,25.4713634057908,24.8292566680683,24.7043468872676,23.6514153458044,24.0648512912948,23.8577292678604,23.5148918369988,23.7033612332997,23.3584432583345,22.6849719281542,20.1115497896952,19.5689305528823,19.200974937302,20.8591445952694,22.1003955003797,22.2937047865563,19.6127620154747,22.3175179109155,24.8773384313132,27.1243438949818,26.4476333540855,27.2593627994409,27.547007127657,25.5541890872606,23.2061119734289,21.9445831776773
Hungary,HUN,"Unemployment, total (% of total labor force) (modeled ILO estimate)",SL.UEM.TOTL.ZS,10.168,10.022,8.991,8.925,6.929,6.563,5.671,5.608,5.79,5.832,7.189,7.494,7.406,7.817,10.03,11.172,11.029,11.003,10.177,7.725,6.813,5.115,4.156,3.667,3.411,4.248,4.021,3.583,4.096,4.5,4.521
Hungary,HUN,"Foreign direct investment, net inflows (% of GDP)",BX.KLT.DINV.WD.GD.ZS,10.3142923372639,7.02257505750731,8.78533630127407,6.68585430137196,6.88558157302498,5.81207210516034,7.54426473166249,5.38678090915431,4.88025299452782,4.36291277823616,24.3060288068427,16.1574876503265,50.4065230275136,47.2364211896638,-2.28280495631194,-15.8854380283338,7.45442145492381,8.30549850772091,-2.74986395257086,9.1265022330579,-4.3672559097876,53.8467636785015,-8.6313549623639,-40.1082460169744,59.5775493833952,105.635755544096,18.2639108972104,-1.05246677407293,-33.2799471781632,-27.5090725956422,-28.3736403614031
Hungary,HUN,Exports of goods and services (% of GDP),NE.EXP.GNFS.ZS,39.1102749102395,41.7711238743212,47.8429419192775,52.884895311527,55.5729749592902,66.7818415655251,64.7946703854209,58.0673383688733,56.3436633595853,59.5641177697341,62.5215212771297,73.8064864785301,77.8221656386034,79.2039448630126,74.3529496218046,81.2535035455015,86.1931503181868,86.0876097061215,85.3937852070622,87.0271641102673,87.4348841373907,86.1114634598119,85.7461533449483,83.3967795001256,81.065700696964,78.0879317443048,79.4114343821378,89.810135261602,81.3874893501556,76.1979120113902,72.6304321068483
Hungary,HUN,Imports of goods and services (% of GDP),NE.IMP.GNFS.ZS,39.0656166831524,41.2508567607868,46.8449682273983,54.4344397861419,58.2965578716872,70.4804715279449,66.109043850966,60.2019968736818,60.4434251812765,64.0515683344399,65.4832893704085,75.4250450899309,77.7792667294669,79.2492792526061,70.9529277083853,76.5854565403946,80.5611968917104,80.088088903449,79.0822395844044,81.3311909761454,79.8558543571336,77.8604810403383,79.2867024953192,79.3040792777992,78.8598557678669,76.4390711920722,79.7760929506963,95.1598173197492,77.2313362577572,71.7287545266774,68.1488717964849
Hungary,HUN,General government final consumption expenditure (% of GDP),NE.CON.GOVT.ZS,22.7949765557116,21.5524505456692,21.2097985664491,20.8824814204097,21.2197129970005,21.1714871886978,21.0636287555601,21.855542036297,23.0395033323141,22.0441935715458,22.1446969663743,22.0122861042098,20.7877161589285,21.3871831168946,22.0633637854298,21.4452769845877,20.6306611369873,20.0094311068777,19.7252188156981,19.973606906802,19.6960961996161,19.8867549745838,20.1448604404386,19.6077493163427,19.968827606623,21.1942255255035,20.791731660422,20.7069616413687,20.4758061658852,20.3568815042879,20.8168656149859
Ireland,IRL,"Inflation, consumer prices (annual %)",FP.CPI.TOTL.ZG,2.52486446780802,1.75574469607419,1.5418020226137,2.40768094534715,1.62988605221407,5.57763269940387,4.85280279607477,4.62820512820515,3.49221909079765,2.17854605730523,2.45654692931639,3.93576114001354,4.88574537540802,4.03568834941391,-4.44754686876746,-0.918388645376774,2.5489783020855,1.69474116680366,0.515099484900573,0.190916398713745,-0.330959783371788,0.0201247735963237,0.362173038229378,0.471130713712916,0.937842961189274,-0.326183651280033,2.34034113447044,7.82945736434105,6.29942487419125,2.11344999577317,2.21044788475857
Ireland,IRL,Population growth (annual %),SP.POP.GROW,0.512695055318523,0.791271346994459,1.00281473521859,1.04307683611147,1.12729955649471,1.33304266586712,1.59215149039299,1.68514885730282,1.62895096193019,1.82831381790901,2.17870301355631,2.69600564359576,2.89096000464164,2.03870801117202,1.01566327592341,0.544884384079014,0.436072439258428,0.4237438032978,0.526556158855653,0.731001376585771,0.944845307474728,1.28405485082411,1.34979886553997,1.45141079540844,1.58865409604595,1.26378913010119,1.39579966615221,1.98101664069715,1.87573900211149,1.57375843711631,1.62826615443033
Ireland,IRL,GDP growth (annual %),NY.GDP.MKTP.KD.ZG,9.63442136559036,7.37962465765875,11.0217650823433,8.7661226571214,10.5298856427062,9.40352476399653,5.30582133514299,5.89936506079005,3.01383869396012,6.78813990621356,5.73978202625278,4.98785364537615,5.31011830898613,-4.48407081043062,-5.09578277913846,1.68297175486512,1.60886648916944,-0.40502941658977,2.1929375750029,9.38579335130922,24.6239856364006,1.22271661130947,10.1088576065965,7.68865937437435,4.97288003766816,7.15369505735335,16.2581881158197,7.51113888415304,-2.53637409313261,2.59946721553708,12.3375990291434
Ireland,IRL,GDP per capita (constant 2015 US$),NY.GDP.PCAP.KD,28646.8176219898,30518.4039336362,33543.9942975657,36105.9184837456,39460.4758655009,42599.4803921319,44151.1536032557,45974.4881988842,46594.8620267616,48856.3238587396,50547.2123729763,51656.8194855887,52849.6948429458,49461.1594281353,46466.3794269222,46991.6464673949,47539.9181739968,47147.1604669421,47928.0346487005,52044.6201181887,64250.1385181257,64205.979777351,69748.6221034014,74029.0550611436,76485.635854651,80927.936475395,92781.2322150786,97793.5366671697,93541.9643678381,94474.9879707069,104416.83204022
Ireland,IRL,Gross fixed capital formation (% of GDP),NE.GDI.FTOT.ZS,18.0715462043137,19.8192153006087,21.0464057229139,22.5256740532304,24.1598757166235,23.7420483759438,23.9363909530586,23.5930866694156,24.9110720581996,26.9502516354942,29.8289266430491,30.9866916342227,28.7070824533303,24.8421187310969,21.1631245505943,17.5913855594315,16.5650711962538,19.5031733011107,18.2755667302427,20.1917132776127,24.281584982819,34.1109334162945,32.4754503620573,27.8988968647133,53.2106628607249,41.387811264164,22.0777319056718,21.1440595300808,24.8882708451242,17.3480143254281,22.2358029402053
Ireland,IRL,"Unemployment, total (% of total labor force) (modeled ILO estimate)",SL.UEM.TOTL.ZS,11.97,11.692,10.191,7.699,5.804,4.318,3.684,4.216,4.478,4.491,4.237,4.355,4.98,6.774,12.609,14.534,15.354,15.451,13.735,11.858,9.908,8.374,6.713,5.741,4.95,5.623,6.357,4.465,4.243,4.3,4.632
Ireland,IRL,"Foreign direct investment, net inflows (% of GDP)",BX.KLT.DINV.WD.GD.ZS,2.08696657373782,3.45356359013551,2.44856369452834,9.82513843344542,18.4143116828593,25.7260262363322,8.82598474922644,22.8030331294708,13.8344483636902,-5.4573737070047,22.1832694953892,9.50555829114517,22.1915415030247,8.45449268903961,22.827608853053,17.0242973051905,9.83474085171317,25.5993064499855,29.8612971089447,39.3649751606697,74.8169261487244,26.1253590357369,20.4170966260237,20.3601504375203,7.67467578422042,8.0934578228257,14.6537815105934,-6.48790793588936,-24.6702589530642,0.791076186083952,..
Ireland,IRL,Exports of goods and services (% of GDP),NE.EXP.GNFS.ZS,73.5199805547023,74.9070020586701,77.1247806345089,84.3240502327877,86.4600758221796,94.3894347338897,95.2243726376591,90.449466813067,80.8405847264703,80.4755660009134,79.5276864075247,79.0346632772547,80.8367880723601,84.3332733545791,93.5561576841509,103.327078355769,102.41088550995,103.821695189581,109.746480737327,115.097265448513,126.687521960845,129.178433843871,128.496270792904,125.968715436882,131.224509342169,139.811889906845,136.397670222851,139.505980538698,136.52636667411,143.984601661031,140.066665278394
Ireland,IRL,Imports of goods and services (% of GDP),NE.IMP.GNFS.ZS,62.5831438049889,63.9611164328373,65.1446615207745,73.4483179543601,73.4108989379918,80.5650833373973,79.6163384642114,73.269862546548,65.6908892948051,66.1119303691577,68.6478778456041,70.9871225320103,72.5600589956647,75.7061467778949,80.0353171905146,86.7531944309513,83.8939936690886,86.5339871284032,89.996105487119,96.0843365535719,97.0154163297974,110.530093954898,104.807812553807,96.4850005635176,126.428263568252,118.968547119407,94.6346806407347,98.24943902068,103.123260911001,102.18527319637,99.892247065173
Ireland,IRL,General government final consumption expenditure (% of GDP),NE.CON.GOVT.ZS,17.2179345251553,16.5925495108963,16.1188292416928,15.5479515599581,15.0261987411711,14.7459204426839,15.3998306188885,15.8062322641555,16.0558800096065,16.1660379632399,16.0571073028133,16.2267367718476,16.8469994194329,18.6524250310558,20.0406285492001,18.6807522831162,18.952028274655,18.1048779174955,16.8527994956345,15.9960945162755,12.1229698518601,12.5476428364217,11.9398969444594,11.7578571254292,11.7807140950215,12.5756189881173,11.7061835010747,10.9734731417486,12.0911800159942,12.0694610772017,11.242254181376
Italy,ITA,"Inflation, consumer prices (annual %)",FP.CPI.TOTL.ZG,5.23542258044301,4.0069766898104,2.04310779750136,1.95508557719381,1.66345995007714,2.53768532095002,2.78516542713554,2.46532319171165,2.6725555277285,2.20673661423657,1.9852929852798,2.09084391012754,1.82974112202403,3.34783258401022,0.774768131387381,1.52551602118248,2.78063272879323,3.04136333226775,1.21999342274306,0.241047429826756,0.0387903996579733,-0.09401665691575,1.22653316645812,1.13748763600391,0.611246943765304,-0.13770757391651,1.87378325762481,8.20128991161718,5.62219442195901,0.982373023061417,1.5316682765282
Italy,ITA,Population growth (annual %),SP.POP.GROW,0.00158856230917393,0.0281044080072756,0.05290695026061,0.0287740158774372,0.0168208444553697,0.045303631138613,0.0612241572425483,0.197854295667482,0.540420007681938,0.744609563112575,0.583653375692943,0.400079310970985,0.608396959196212,0.771291301351719,0.579748620940622,0.442226157086815,0.346167211080488,0.273513088134657,0.199772918304074,0.0150772197985246,-0.151143561276007,-0.190090486385849,-0.188100912559894,-0.208594586223998,-0.247712826621699,-0.487095091717782,-0.515599998844444,-0.20230086688254,-0.0499178457490556,-0.0534387378437725,-0.0628633523365352
Italy,ITA,GDP growth (annual %),NY.GDP.MKTP.KD.ZG,2.88683671925843,1.34558477192847,1.92572122608527,1.8043732818638,1.67799157943422,3.88209885062652,2.00643329837733,0.26992966378873,0.0665538088732092,1.4740217064723,0.762410677306491,1.79947992234244,1.46229205289291,-1.02313851177097,-5.30515401233991,1.52910573247101,0.695463154440176,-3.12523877282996,-1.81802510749792,-0.00138761730454462,0.885667635240807,1.23622108511661,1.60369995294101,0.826646712344115,0.429162533780342,-8.86822122185345,8.93106210800055,4.82117669913565,0.922796543670316,0.783039135276795,0.539583636778445
Italy,ITA,GDP per capita (constant 2015 US$),NY.GDP.PCAP.KD,29408.3209572297,29795.6597750915,30353.3778243995,30892.1758654455,31405.2609007683,32609.66746283,33243.599343976,33267.4474482048,33110.1698494812,33348.9744820456,33407.6754716472,33873.0493680093,34159.9109244074,33550.6340800063,31587.0638416305,31928.5543621096,32039.5032494316,30953.4147447427,30330.0221599668,30325.0287793923,30639.8829751432,31077.6792675211,31635.52277108,31963.6417148824,32180.4341017428,29469.7989238626,32267.7091050201,33891.8866526216,34221.7182928271,34508.1235191237,34716.1405786348
Italy,ITA,Gross fixed capital formation (% of GDP),NE.GDI.FTOT.ZS,19.8701107669712,19.6680414917594,19.6429778111712,19.9639380023847,20.3715223230068,21.2257586739508,21.191892455513,21.81208675062,21.2842346571997,21.3598020854476,21.6734394073244,21.9242418666958,21.9944755997434,21.562045770846,20.3159597572588,20.2386645229593,19.9088467204091,18.4823918939236,17.3118980803026,16.8397294480548,17.0809179970368,17.2934651927051,17.5794629155864,17.9722011780771,18.1291790303995,18.2018164062184,20.7705217357607,21.7757352760856,22.6536678849797,21.5129467738695,21.8347372224523
Italy,ITA,"Unemployment, total (% of total labor force) (modeled ILO estimate)",SL.UEM.TOTL.ZS,11.661,11.864,11.985,12.117,11.681,10.834,9.599,9.211,8.869,7.866,7.73,6.777,6.076,6.723,7.749,8.363,8.359,10.655,12.149,12.683,11.896,11.688,11.211,10.538,9.884,9.192,9.497,8.069,7.627,6.5,6.391
Italy,ITA,"Foreign direct investment, net inflows (% of GDP)",BX.KLT.DINV.WD.GD.ZS,0.41141570812074,0.269927027891048,0.296168797044085,0.207433276751061,0.553126854699131,1.14581409094162,1.26941636801649,1.34499006490549,1.23649728851371,1.10881762156492,1.9711754818286,2.91006549515942,2.9684958153757,-0.393031898243063,0.751632233908177,0.462974196548407,1.49396922230512,0.00166359418160293,0.907076904789878,0.783743281747353,0.720886367724088,1.35957350873308,0.44334154868577,2.10769610409512,1.77066894209208,-0.893869914296462,1.20474315612308,2.94181405797187,1.81363348239025,1.19623307999136,0.034602983660439
Italy,ITA,Exports of goods and services (% of GDP),NE.EXP.GNFS.ZS,24.6157552051653,23.662303838318,24.0894916918366,24.0123257096913,23.1534516122759,25.5611956255751,25.5610801918444,24.3126948188163,23.2240496903642,23.9268409466402,24.5118533579183,26.0530628243151,27.2450545395013,26.7427615964483,22.2771595955525,24.9186514223879,26.5629866543354,27.9851870768453,28.177442406394,28.6224027363532,29.144111052532,28.7987488919157,30.1398859152774,30.8135072735991,30.9498739181942,28.7258551870199,31.1716088630092,35.0991400412578,33.3293695692309,32.3350686402627,32.2270197272539
Italy,ITA,Imports of goods and services (% of GDP),NE.IMP.GNFS.ZS,20.9637474585342,19.1397452090937,20.3876735060337,20.9855485636537,21.3763886144254,24.7135355199888,24.3021921285051,23.5586238603378,22.7700362873432,23.3395514425368,24.6103208709435,26.8704801353861,27.5829870177519,27.4714932992188,22.8643169766079,26.743460391446,27.9092282905933,26.8993081933752,25.8567422253559,25.83212719685,26.2915747622901,25.6333978099156,27.4431081122137,28.4614762392164,27.7443163412796,25.2136287172564,29.1303687572707,36.9173622620119,31.7734723749599,30.2575458513031,30.2962066318587
Italy,ITA,General government final consumption expenditure (% of GDP),NE.CON.GOVT.ZS,17.486354906797,17.6769089131768,17.7349547745595,17.5896432774815,17.6114010304618,17.8233407313728,18.4749145877067,18.6145960121792,19.0650756831925,19.2599448233726,19.6997064385986,19.5502275133951,19.1061373626492,19.6720387939835,20.8208815213722,20.6877280787162,19.9439205262434,19.9355930573762,19.9446023702419,19.625084060739,19.1725049881929,19.1381480918602,18.9977833101079,18.8848858137312,18.6874454981379,20.7320079575481,19.6375873442896,18.838554715179,17.9022752317075,18.0763106353806,18.2507578335224
Latvia,LVA,"Inflation, consumer prices (annual %)",FP.CPI.TOTL.ZG,24.9759355316749,17.6104698431033,8.44738342092961,4.64421422660783,2.36481836111805,2.65425477796048,2.48704003555464,1.93887573855886,2.94264752948478,6.19238547197429,6.74845027893124,6.53619908765872,10.0929775849169,15.4023191064986,3.53410672858934,-1.08463595015155,4.37073559939223,2.25778924374585,-0.029454778257828,0.620490636732421,0.174242243625186,0.140633334505327,2.93036312374665,2.53445424186598,2.81140920075624,0.219064904841985,3.27582937431165,17.3102830198815,8.9380462331663,1.26579885828729,3.74577316751945
Latvia,LVA,Population growth (annual %),SP.POP.GROW,-1.42581081215727,-1.12637509582344,-0.996762288757542,-0.942918937122207,-0.813961203872195,-0.963935407092365,-1.29148694354873,-1.1618382239436,-0.966400801237561,-1.09131295557421,-1.08057145691172,-0.91727295748817,-0.816175506582982,-1.0509395443743,-1.65102496759116,-2.08130508988111,-1.82076700208005,-1.24035915329271,-1.07103480329077,-0.941743354234222,-0.818626340945853,-0.913885332226604,-0.886215573292392,-0.779138396192231,-0.695239140136066,-0.701211570733301,-0.843294678005026,-0.271369577775699,0.22997050070229,-0.93796839712162,-0.987592806179397
Latvia,LVA,GDP growth (annual %),NY.GDP.MKTP.KD.ZG,-0.944762865564712,2.29996103802466,9.17147634072084,6.55000264756266,2.81840455944993,5.84102642353959,6.46057826727287,7.66548778586991,8.42913257059108,8.72514341727928,11.6153178557457,12.825017846905,10.4145372792714,-3.38871665849958,-16.0400195313042,-3.66125859554762,3.03634482668815,7.30524057200897,2.09609028156248,2.0949597710559,3.78336712084972,2.55168601974034,3.39894872623931,4.30971286294503,0.675372771884227,-3.46922750780554,6.94254173062592,1.90853419029801,-0.941606068823631,-0.0370556648288982,2.13786855731288
Latvia,LVA,GDP per capita (constant 2015 US$),NY.GDP.PCAP.KD,4661.66840092451,4822.90414861125,5317.97997604979,5719.98918281481,5929.26767237825,6336.38296707987,6833.4354323157,7443.22944659059,8149.00183600084,8957.23393555082,10106.2626157732,11507.4648265658,12810.0409502542,12506.6945041012,10675.425174228,10500.8666223014,11018.5152421583,11971.0107466522,12353.5386135301,12731.6771959342,13321.9753140616,13787.3367440023,14382.8612727134,15120.0698171804,15328.3859933295,14900.7295718866,16070.1680032322,16421.3748596,16229.3844520245,16376.2565245797,16892.3660713745
Latvia,LVA,Gross fixed capital formation (% of GDP),NE.GDI.FTOT.ZS,14.1892283640129,18.135660092583,17.5665492549178,24.0444782862804,22.9011615541372,25.1981759822131,27.1694812879386,24.3012953068221,25.3765187818879,29.4387765998433,32.0297241247039,35.3212529611428,38.113521636451,33.4181287502584,22.9165263311155,19.5198322313546,23.7249741856312,27.0115757309662,24.9648880386504,23.6442193799567,22.3075948914481,20.1698787836187,21.5265612714824,22.9037634935095,22.7240395466554,23.0296116182607,22.9289576043746,23.2880754495724,24.0227249766904,22.2448373054644,23.4687826182146
Latvia,LVA,"Unemployment, total (% of total labor force) (modeled ILO estimate)",SL.UEM.TOTL.ZS,19,20.7,14.9,14.454,13.79,14.211,13.821,13.829,12.061,11.708,10.033,7.03,6.052,7.739,17.515,19.482,16.206,15.047,11.867,10.846,9.873,9.643,8.715,7.412,6.312,8.098,7.513,6.815,6.465,6.9,6.568
Latvia,LVA,"Foreign direct investment, net inflows (% of GDP)",BX.KLT.DINV.WD.GD.ZS,4.35146067770026,5.71349225353678,7.47075232624449,5.32540844398606,4.75274211425385,4.17696567652597,2.11821599999579,1.73089175825638,2.81610339606913,4.27849106532647,4.96633075101776,8.34682590505321,9.22286409647281,4.20174399569372,-0.583936207217178,2.0239348136408,5.71773309105869,3.98573894005036,3.39352198804719,3.45179531513632,3.08543258338884,1.23693505180815,4.04880019492543,1.32076900628522,3.37100266711483,2.81413557812427,9.77936027100744,3.20337891789771,3.94830779361871,3.44085977034145,0.501253304600754
Latvia,LVA,Exports of goods and services (% of GDP),NE.EXP.GNFS.ZS,35.677496823884,41.6403177406518,40.8165714994491,40.3175570735027,36.0307753713725,37.7213901364908,38.7964180197711,37.7563642169877,37.7379680624178,40.6251502394093,44.80522716711,41.9530774436297,40.3864425883711,41.2345321413157,43.396059199176,54.3654555058681,61.8017435553003,63.8315149225803,62.5759802712611,63.5721016274102,62.5955625575744,61.9284196446641,64.1399542639756,63.8698186932234,62.5368430163073,62.6592422617585,66.8112769573847,77.5014838423287,65.9896551482715,64.8634107408094,62.573000305163
Latvia,LVA,Imports of goods and services (% of GDP),NE.IMP.GNFS.ZS,40.5725044475796,50.9215064228739,50.1095840872816,52.7311005124738,46.1197814475044,45.8907419735648,49.3804097986537,48.2208414608318,50.8435899794493,56.6101153377655,59.7119294358084,63.7422646368257,60.4944682834567,54.5336307025414,45.4359902971932,56.4968983568515,67.933014459185,69.3799887283773,67.1012046578385,66.4701506175488,63.7844518484318,61.4020987849952,64.5740490649083,64.3642768665985,62.7547886916228,61.2239557848013,69.985338457434,82.3912943483203,69.653334005995,66.4461716549595,67.1514535681639
Latvia,LVA,General government final consumption expenditure (% of GDP),NE.CON.GOVT.ZS,22.4235062083024,21.0854268526014,20.1625194032331,21.862351843971,21.7419851977404,20.1731541882671,19.9969799418946,20.4785182670356,20.835455684059,19.3126756948458,17.437210854651,16.9008690928343,17.4911469800984,19.8588585395504,19.5444314393404,18.5453993421988,18.4814717171812,17.1837423284686,17.8318299533986,18.0845093164895,18.1780078834201,18.0271762295427,18.2882676366123,18.1989712590393,19.4780356655043,20.9715428988302,21.8021068723088,20.7135716015577,21.002331879604,21.7064350426463,22.9039708140553
Lithuania,LTU,"Inflation, consumer prices (annual %)",FP.CPI.TOTL.ZG,39.6476290328289,24.62519538645,8.88104848465892,5.06755385841968,0.727550626557424,0.981615478857598,1.36712030817819,0.281506610345575,-1.13430854990247,1.16410252104671,2.65848484065262,3.73912004060664,5.73717382799842,10.9258856241655,4.45304456518535,1.31921362055463,4.13027562645085,3.08998277055417,1.04747937065344,0.103758009433708,-0.884097405500596,0.905525075460342,3.72288862303707,2.69792779208394,2.33450937988027,1.19989444983569,4.68354420903453,19.7050461518394,9.11731962390475,0.715735835228723,3.79170510860467
Lithuania,LTU,Population growth (annual %),SP.POP.GROW,-0.769728017770742,-0.760343408174495,-0.737830358066631,-0.724436206600195,-0.709489234071613,-0.703385440488978,-0.824008723044179,-0.802765710748508,-0.812278097406687,-1.12299127483243,-1.62840112593427,-1.59637831830094,-1.187947957259,-1.02848317546539,-1.11034575437238,-2.09694341985475,-2.25846389882827,-1.2954927649989,-0.937390957711289,-0.813668566231451,-0.89406825888146,-1.16730651563847,-1.21281970207312,-0.82796893028899,-0.288120400605037,-0.0256161303326233,-0.070798680741267,0.824789131191284,1.40084461829591,0.579633464785161,0.0171713878019065
Lithuania,LTU,GDP growth (annual %),NY.GDP.MKTP.KD.ZG,3.29008262426858,5.02694376847307,8.30063037348748,7.46293714937232,-1.09700818020993,3.41862206571636,6.48412665187908,6.71983945103626,10.5518959629574,6.50203536075556,7.7314467577492,7.39548122468629,11.0779282578673,2.59946154605602,-14.8386117894848,0.427199566550769,6.32363664821298,4.38290584355157,4.04691318575325,3.7725437958099,2.83280643343234,2.67192215053329,4.61224310312809,4.91836780106811,4.67735183530451,0.0428158336981426,6.39481772930206,2.46532013155011,0.739537398185803,3.03019543767596,2.92007656461696
Lithuania,LTU,GDP per capita (constant 2015 US$),NY.GDP.PCAP.KD,4924.09667530707,5211.10025197912,5685.44901491024,6154.17245640636,6129.99843995634,6384.30865426374,6854.52512826671,7374.0979710116,8218.69336289848,8851.92598922347,9692.86853763267,10577.2145522871,11889.3545234657,12324.5197331387,10612.9204044582,10884.1161852582,11836.7200384033,12516.6184065667,13145.8069309969,13753.1895982305,14269.8039878287,14823.107153522,15695.9993288456,16604.9021440809,17431.7239081591,17443.65526328,18572.2895051093,18873.8427527274,18748.9302647191,19205.4152293136,19762.8342142819
Lithuania,LTU,Gross fixed capital formation (% of GDP),NE.GDI.FTOT.ZS,20.2351107729266,20.4664976175958,22.2643437239043,23.7805132609305,21.8521151611492,19.106143781843,20.5013949501313,20.6880451379643,21.5317486962314,22.8037215070817,23.4031526577558,26.0125275452576,28.5825367058501,26.0480830824595,17.8342694449584,17.0850047033206,18.7988664422637,17.5779128736327,18.6706513704311,19.107534609394,19.5972464627678,19.9190169078885,20.1373563967598,20.6920891397458,21.2003099235928,21.4337157753964,22.4742445761328,22.4355748356933,23.8185730783579,22.4117705922418,22.9415611293443
Lithuania,LTU,"Unemployment, total (% of total labor force) (modeled ILO estimate)",SL.UEM.TOTL.ZS,17.54,16.4,14.13,13.711,13.388,15.931,16.84,13.008,12.874,10.684,8.325,5.78,4.25,5.826,13.785,17.814,15.39,13.365,11.77,10.698,9.12,7.862,7.073,6.147,6.255,8.487,7.112,5.955,6.841,6.851,6.731
Lithuania,LTU,"Foreign direct investment, net inflows (% of GDP)",BX.KLT.DINV.WD.GD.ZS,0.91599006830321,1.80778475578758,3.56292104936331,8.13855813597498,5.1218707362885,3.29220428777652,3.60825880316743,4.62664162847931,1.15581132298026,3.86727514737433,4.9513140342573,7.50221604684683,6.54805565260343,3.61122070655171,-0.96067117365502,3.00969561169119,4.35509015104087,1.5855600934776,1.66003716547754,0.739699359398686,2.49622116332616,2.7403147410033,2.89745572307538,2.39550085067309,6.23035300556357,7.94344900363669,3.73869903984915,3.42488723499229,4.76764051451377,5.49705606704886,3.24263476181387
Lithuania,LTU,Exports of goods and services (% of GDP),NE.EXP.GNFS.ZS,36.9386970561821,41.7452908673057,44.7817616774546,38.9812389713984,32.2965725535194,38.5073296446036,44.0129576744504,47.3290677050394,46.1534641761834,48.5233385442616,55.1137769337009,57.1650712091213,51.6005785480117,57.5807261343907,51.6425313966986,64.7985134455831,73.4692169559065,78.6260683563339,79.0419385750891,72.6102123944686,68.6043807818409,67.7094248902699,73.6063406090345,74.5295191317116,76.8187229886379,72.4346855034597,79.5885699025887,87.264114905646,75.933513171116,73.9407258792654,72.9839535290335
Lithuania,LTU,Imports of goods and services (% of GDP),NE.IMP.GNFS.ZS,47.6058684402415,51.0685058304523,54.8677272886634,50.384065627128,42.2881631889739,44.684164630208,49.4741796941332,53.0031617697783,51.9379401444878,55.5487321542816,62.3359142314849,67.4485618381711,64.69523178016,69.17898169745,53.3977198399152,66.8279939504257,76.1760899713089,78.0128572941789,77.5846993523289,70.6799033862253,69.5911942277597,66.9810247606071,71.3120524922902,72.6726133935094,71.5562730231805,63.361880060059,75.1377340115099,89.3677021665931,72.0572386053119,68.4791843455245,69.1223511663482
Lithuania,LTU,General government final consumption expenditure (% of GDP),NE.CON.GOVT.ZS,23.8338583981058,23.9448435169784,24.0421961294719,25.7711170720421,23.5580618145463,22.3826570467051,21.1308403240418,20.5566658733581,19.5456507640416,19.0877078519304,18.5191005650631,19.1899246295583,17.4513357826862,18.6665424842249,21.2054131585729,20.1787167854866,18.5351380977484,17.611420261067,16.8053950293724,16.6571642742601,17.148922427067,16.9598041209771,16.2738002823495,16.1750375238819,16.7659394694471,18.366975394834,17.5575947453816,17.0970850593218,17.4488304993577,18.8214710847782,19.3273452827545
Luxembourg,LUX,"Inflation, consumer prices (annual %)",FP.CPI.TOTL.ZG,1.86769424969108,1.18385968843573,1.36751261207932,0.958570110494753,1.02519676474926,3.15076707022596,2.66382110579101,2.07408613571643,2.04984030563516,2.22567916428894,2.48769665164081,2.66631494577077,2.31245861786126,3.4018796302557,0.368041997888867,2.27367911621542,3.4106834106835,2.66284165508011,1.73403963519162,0.628543985440717,0.474743161437871,0.290833333333225,1.73079959118896,1.5281952430737,1.74332075653848,0.819957302127036,2.52692009066166,6.33600807777919,3.74140361983136,2.05113269954859,2.25723817871726
Luxembourg,LUX,Population growth (annual %),SP.POP.GROW,1.40474246355929,1.36114394109864,1.25350248369427,1.24387080269218,1.35062128530242,1.34408299573143,1.19045634528707,1.04766081596443,1.21520087964639,1.42133256471314,1.53005466340868,1.59505191774492,1.54438684650549,1.78749663225793,1.85177523043645,1.8254058035237,2.22266050326725,2.40154189982875,2.31117625275217,2.35697870484045,2.35995118136865,2.15531198799205,2.43097641776115,1.92883751398765,1.9628449198635,1.66635867423273,1.51834936706612,2.01666790212729,2.02002574712319,1.57538901671221,1.46016251329208
Luxembourg,LUX,GDP growth (annual %),NY.GDP.MKTP.KD.ZG,1.43220024272964,1.39807630241253,5.41972646151088,6.67419503775402,8.17613777063244,6.93809504692074,3.07427520210337,3.22528846998354,2.6192502126754,4.23067892192488,2.48250499371829,6.01662739677904,8.09852098069817,-0.302272983306707,-3.23895268839308,3.76040578658925,1.0442860057217,1.64971134354685,3.17168513780955,2.62308838097542,2.26836572735107,4.97819047122638,1.31711942298405,1.61129891211624,2.74932091920692,-0.510051634039826,6.92973270801744,-1.09741256293819,0.0994370594039111,0.358614003982225,0.63787818818335
Luxembourg,LUX,GDP per capita (constant 2015 US$),NY.GDP.PCAP.KD,74900.1497246575,74920.5623621812,77997.2016345512,82174.3606082355,87700.5125529005,92533.1393756479,94249.1625853478,96275.0321314871,97603.4028137275,100296.956996628,101226.109631791,105618.332853323,112422.146493735,110096.656683086,104576.122195434,106545.854916218,105292.012346074,104489.298083328,105340.41498623,105585.401767492,105462.012584423,108351.452194449,107142.05542835,106788.661202756,107591.899505248,105274.182260744,110873.115269021,107467.123965307,105422.764660192,104147.111291588,103292.144703636
Luxembourg,LUX,Gross fixed capital formation (% of GDP),NE.GDI.FTOT.ZS,21.1528428109666,19.8397296677453,20.6270026127991,21.1674467294173,23.1595864055053,20.6250522599668,21.8791504556885,21.3026835732449,21.0489975573913,21.2432820905258,19.3477754094802,18.215051090926,18.9176381438526,20.1440835676294,18.0192474186727,16.8240877972083,19.213253764947,19.1775316113029,18.4542729429366,19.1517347577366,17.3094554675767,17.28483889537,17.8113229941338,16.151624557013,18.0483819362099,17.1751509447995,18.1452709581154,16.6013614150021,16.0686275070946,15.375144986765,14.974577235541
Luxembourg,LUX,"Unemployment, total (% of total labor force) (modeled ILO estimate)",SL.UEM.TOTL.ZS,2.918,3.286,2.527,2.763,2.39,2.345,1.805,2.621,3.675,5.113,4.488,4.731,4.065,5.06,5.194,4.423,5.122,5.03,6.045,6.044,6.796,6.669,5.523,5.589,5.592,6.766,5.571,4.588,5.184,6.4,6.343
Luxembourg,LUX,"Foreign direct investment, net inflows (% of GDP)",BX.KLT.DINV.WD.GD.ZS,..,..,..,..,..,..,..,17.9416677912933,14.4641078649714,14.7716141859696,12.32939877922,75.0860385350828,-57.5323140834096,12.0948257128755,50.0394903092505,69.6063943388728,14.3333707152268,4.7244838569188,35.7329034711934,29.1553925693205,75.6300240002581,28.257554145971,-41.6509945601316,-117.233947530512,234.310617307358,-4.55819523596748,28.7187121123012,-391.555119009248,-10.4511316835125,113.622225285264,-92.8195151180004
Luxembourg,LUX,Exports of goods and services (% of GDP),NE.EXP.GNFS.ZS,104.478825699709,107.981098142476,116.220951847375,127.697112462509,129.936451950794,147.644762391931,146.200789383276,136.361725575128,132.848052488235,143.73436357449,153.824282815392,167.740282231035,169.576705513534,161.494761789301,147.925083013145,162.709857140044,169.489123436331,171.211788066768,176.383330927429,182.782585361208,191.835428725013,191.098633740622,192.747503540731,197.218199953374,206.580145839872,204.436962289215,215.618162988769,222.308456163103,217.379822583978,191.532970187611,190.522135684017
Luxembourg,LUX,Imports of goods and services (% of GDP),NE.IMP.GNFS.ZS,85.065620189087,87.6558085056738,95.8678060845422,108.872876429456,109.986047626897,124.767265322622,124.564554436307,114.327466616513,112.129893572294,121.492521281147,130.252959519747,138.139211555237,137.908314571662,130.718718994128,115.607618528539,130.962019766895,139.225330437832,140.575047137918,144.15017538934,150.646251097964,159.296525319647,157.338775636266,161.046488439573,164.647245245294,176.080634744548,171.144432536811,181.888017879203,189.868713761072,185.187145613366,159.734950965581,159.364743494859
Luxembourg,LUX,General government final consumption expenditure (% of GDP),NE.CON.GOVT.ZS,15.7015601818991,16.0601874871314,15.7379154439885,15.2646789866207,14.9880432216477,14.4954639001418,15.3332081513882,15.9558360764162,16.3693751473418,16.375606181149,16.5824119941042,15.1713658013268,14.428866680837,14.4892174392625,16.0810077288414,15.7858005082929,16.0447899088036,16.3040906079705,16.3503422960569,16.0514529421955,15.9681641919044,15.6742178009036,16.2193608860725,16.7763163523527,17.2119600038645,18.4291160883583,17.254046334573,18.064020767564,18.4013767442359,19.0506157557158,19.8476000284133
Malta,MLT,"Inflation, consumer prices (annual %)",FP.CPI.TOTL.ZG,4.42664550286654,2.05400000000009,3.11207791953272,2.38525135417661,2.13476888806386,2.36959287531806,2.92949244324104,2.18849048060549,1.30383777442602,2.79082848067754,3.00796652450313,2.77378006481472,1.24921923797629,4.25862171897073,2.08432746082343,1.51563513618532,2.9629852819288,2.37582057760386,1.1802843636655,0.310306472181665,1.10054826378929,0.642702771527304,1.36435448150708,1.15782362451517,1.6420600176894,0.638544956776712,1.49789217934724,6.15375621933037,5.09396758978883,1.65079469283109,2.36351752252186
Malta,MLT,Population growth (annual %),SP.POP.GROW,0.697143006602962,0.656524533590292,0.756792686540295,0.649936278938043,0.592860773979805,0.645267230900854,0.75110649818537,0.745506921127166,0.657732334391546,0.67162845452858,0.637436918202842,0.364336947162944,0.348755082369901,0.650655460565174,0.753906931031973,0.49118281065151,0.423700885195294,0.899209211902256,1.13206344183411,2.02059558233422,2.44719692467224,2.28889794467689,2.73472979835887,3.53282607673569,4.05171762437788,2.2716254974907,0.51468710034629,2.47100289980875,3.99255876861009,2.87111128593908,1.8906123268828
Malta,MLT,GDP growth (annual %),NY.GDP.MKTP.KD.ZG,6.34249103035094,3.77733599690488,5.25698063086301,5.12560250721334,4.71997491081015,19.6812693530689,-0.757203651807174,2.74113503379645,3.69331066307235,0.407354423655889,2.88123652429068,2.33618870316785,5.03640177981643,4.41059689827608,-1.39524956144803,6.19734978656928,0.992201768011597,4.10167460261891,6.29233378116625,7.6313628225042,9.62070302842181,4.07800422216982,12.9713425287845,7.18921425536917,4.0850557312243,-3.45728232537419,13.3509818925498,2.59276776884379,10.6340558017004,6.21275996991034,3.96156139018959
Malta,MLT,GDP per capita (constant 2015 US$),NY.GDP.PCAP.KD,12336.7855166478,12719.0092297471,13286.7107759756,13877.2477535633,14446.3492424862,17178.3693621174,16920.7229743513,17255.4217709726,17775.4180936551,17728.3576050982,18123.2601873346,18479.2043785147,19342.3162783941,20064.4517895547,19635.9067186725,20750.6382477568,20867.9213022084,21529.3882643778,22626.4876843887,23866.0555833557,25529.6693210673,25969.4999809345,28546.6464943104,29536.7913868949,29522.6480165028,27861.80732148,31419.5031714693,31447.3917315418,33429.8172092336,34501.7892727094,35196.832938458
Malta,MLT,Gross fixed capital formation (% of GDP),NE.GDI.FTOT.ZS,25.832487169206,26.0728254525045,24.0030472653017,24.8995974417476,22.7604075768523,23.7203450480902,21.3718870290739,17.4455981179226,21.8553956229669,21.1441625763189,22.5436881717914,20.444752606567,21.9768516994588,20.215753250309,19.7299959102338,20.8223023250876,17.9891677791302,19.7766671515499,17.295519395782,16.8400418431999,23.6633678012352,21.3159030077911,18.6979234423009,19.1114207630391,20.0768740430803,19.9359603401695,22.310675770455,24.9115920110315,19.1084263648876,18.5108507263352,17.7892518268965
Malta,MLT,"Unemployment, total (% of total labor force) (modeled ILO estimate)",SL.UEM.TOTL.ZS,6.33,6.329,6.328,6.326,6.325,6.324,7.107,6.902,7.488,7.317,6.923,6.798,6.472,5.977,6.896,6.861,6.388,6.203,6.115,5.737,5.389,4.694,4.008,3.956,4.08,4.856,3.754,3.471,3.479,3.1,2.896
Malta,MLT,"Foreign direct investment, net inflows (% of GDP)",BX.KLT.DINV.WD.GD.ZS,10.572840908647,8.18815660340072,3.6174571280456,8.06173977609875,16.2221760728818,18.410214195279,10.2407951566631,-11.1735639287223,16.8221034288909,122.360207462303,341.007652103804,370.903560623921,450.045795914123,161.765413580926,16.4753471685722,101.626394392913,79.748918912388,34.5864948714194,4.72416532328184,1.31122424310897,32.1027480550593,23.0840309905395,299.824774271215,452.220863014151,198.199646841408,191.921868144409,433.606839879867,114.989519881534,108.735270770721,170.053519530959,..
Malta,MLT,Exports of goods and services (% of GDP),NE.EXP.GNFS.ZS,85.3207449373729,77.1133395036722,74.7808368272432,75.3105376738916,80.2753047084641,90.2692253155718,78.4583106690861,82.5178193655691,75.4562627383458,75.0974303915811,74.2235628621221,89.1792181327592,90.8534937241383,91.4724030900233,81.0328794776996,89.6241280016126,97.441170956521,100.799142826277,97.6696264852064,96.9298164447423,108.732584061859,113.166261070801,116.626497475998,123.349303772613,124.520039315181,129.954117426949,118.784056780784,128.299452871314,119.748336901667,118.481460190952,119.109581237895
Malta,MLT,Imports of goods and services (% of GDP),NE.IMP.GNFS.ZS,91.7416260564704,86.9852585482281,80.8783573644609,81.7359734534724,84.8956716578701,99.3319949283847,82.8670475673976,80.0062569392225,79.1178996353771,80.7924877893561,83.3249350443162,93.254835874088,93.9778389988305,94.2771199815282,82.5239702206494,88.6088266359999,94.5861703020889,98.4147219640338,89.7626259113007,84.3713102569927,98.4634365431974,100.193210915029,96.4210938291986,104.749247332562,108.550401626777,112.407072946978,101.288238009316,116.282082647569,101.384959473926,99.2488124927064,99.9047898051853
Malta,MLT,General government final consumption expenditure (% of GDP),NE.CON.GOVT.ZS,17.8166828250798,18.9508573200427,18.2062676589291,18.0468115999103,17.6174566732878,17.6547949205984,18.85647719602,18.7627487136674,18.8154468137918,18.8545751560301,18.1707559769218,18.486622977518,17.8893288077612,19.4348821799328,19.2964377524146,18.5800552123255,18.9138999756072,19.1551653968787,17.9887121821722,17.8590769499522,16.9310061743713,16.9417846532264,15.823806881305,16.0277302966214,16.8902820429069,19.6916331651999,18.3296666406901,17.6104265824474,16.3915545190396,16.8524465459638,17.5308822811386
Netherlands,NLD,"Inflation, consumer prices (annual %)",FP.CPI.TOTL.ZG,1.92322457166359,2.11378787066774,2.10924562739483,1.95913632274257,2.1571791805505,2.36052233801958,4.15584127195612,3.28753104712766,2.09199838997655,1.26364739183177,1.6881301786962,1.10150106517709,1.61385859802102,2.48650198289457,1.18977687021548,1.27530569556679,2.34107017751373,2.45554765291614,2.50689852657875,0.976035079699679,0.600248147278776,0.316666666666652,1.38145871407216,1.70349794744479,2.63369910249591,1.27246037789161,2.67572008805385,10.0012078753473,3.83839354342808,3.34754304219953,3.2595766451366
Netherlands,NLD,Population growth (annual %),SP.POP.GROW,0.49392737251493,0.461395747607711,0.514767002117464,0.616640530679659,0.665493187073143,0.714770362784392,0.754840057734904,0.638291666268526,0.471814398788212,0.347475412048658,0.23366314793854,0.160613668857538,0.217521601194242,0.389292461499527,0.514284544827762,0.512923100553586,0.466428782200821,0.370055034770235,0.294820793441482,0.359828172726548,0.443220089035769,0.532178879608489,0.591203366164118,0.583933408920832,0.65507157480522,0.55554079025497,0.523490508168757,0.953278922854537,0.990139686700227,0.648823280021657,0.521869714098474
Netherlands,NLD,GDP growth (annual %),NY.GDP.MKTP.KD.ZG,3.11603593857495,3.42063535269868,4.24847396941847,4.64770326997895,5.04334216651563,4.21970034558892,2.32358454925847,0.24582951723049,0.0978549395212411,2.01628331561487,2.03401576512488,3.53729585853395,3.88542348324803,2.11674514240192,-3.66528147002826,1.31935287897116,1.77330320575034,-0.977826121310997,-0.0302410184270769,1.61255885112396,2.12064007193544,2.42428065449427,2.78150834679987,2.25873158164956,2.3001616053659,-3.86799714191608,6.27683593745216,5.00723453395074,-0.598061017580278,1.07383137319854,1.78463214703797
Netherlands,NLD,GDP per capita (constant 2015 US$),NY.GDP.PCAP.KD,33916.4887954068,34915.1788311903,36211.6548633578,37661.7102516626,39298.7167162926,40665.3000211594,41297.284710124,41135.4020353856,40981.839972092,41663.1290344572,42411.3480862811,43841.0915818567,45445.542186196,46227.1987545514,44304.4041948677,44659.2793901474,45239.7198745589,44631.8855633239,44487.0378593394,45042.0515907444,45793.8135434697,46655.0340264754,47670.0858101833,48463.0055608731,49254.024789064,47086.5674755497,49780.8328352542,51777.5314828276,50960.7810305308,51174.8997297902,51817.0590609265
Netherlands,NLD,Gross fixed capital formation (% of GDP),NE.GDI.FTOT.ZS,20.9073665583943,21.5273675065161,21.6512470919223,21.8063565149339,22.8662622012029,22.5278698603024,22.0921396195394,21.0144740217259,20.5161768961412,20.1789782400536,20.3123361573035,20.9095675502686,23.1038497049496,21.931094627813,21.0824646565308,19.4400813658009,19.9314647728018,18.5904058143633,18.1992196127512,17.3898179706967,21.8068437801695,19.2941993265526,19.7582508613445,19.9510208021868,20.9075559765573,21.2739585259834,20.6858841343727,20.4686965446459,20.3464703994637,19.8576425513779,19.7973136813689
Netherlands,NLD,"Unemployment, total (% of total labor force) (modeled ILO estimate)",SL.UEM.TOTL.ZS,7.157,6.421,5.511,4.394,3.622,2.725,2.119,2.554,3.593,4.646,5.872,5.007,4.153,3.658,4.352,4.991,4.977,5.821,7.241,7.419,6.872,6.007,4.837,3.832,3.379,3.82,4.209,3.526,3.535,3.7,3.874
Netherlands,NLD,"Foreign direct investment, net inflows (% of GDP)",BX.KLT.DINV.WD.GD.ZS,2.69471320466118,3.67863987970945,2.64268189930439,8.57679525462927,9.19246841685971,15.1107005401962,12.0218639579935,5.359292335364,3.5122237802764,21.160832133529,30.5011693880359,50.9095810861305,85.9785548363802,20.4123384575226,23.1185529746283,6.47724170250418,39.0408469194559,30.9042384931276,36.6955717929323,15.9879956344505,48.4706196279081,34.7918547450687,23.7131758376085,-30.6576768564655,-13.7565327156949,-23.6860117625863,-10.9725941589172,1.47701805979237,-30.2430732965592,-1.40518243891316,..
Netherlands,NLD,Exports of goods and services (% of GDP),NE.EXP.GNFS.ZS,57.6919813836234,57.7981465392412,60.7658388789699,59.6772355314445,60.2958992533494,66.4429411465509,63.3725444723061,60.1048715353519,59.2393489233853,62.5959181523516,65.5858924432585,68.1457296355057,68.7100477700614,69.6056649864348,61.6018141050156,69.2873649735157,75.1751870770854,79.5755903693531,80.3711722486241,81.3822615368973,83.9918475345943,80.9095011629118,85.1795472131327,87.0564594492635,85.3209394926528,81.2415259478997,86.4500028041052,96.4436215813729,87.4860612893795,82.4976839942829,80.6693413415314
Netherlands,NLD,Imports of goods and services (% of GDP),NE.IMP.GNFS.ZS,50.2248266834731,50.8664929047205,53.5291889844722,52.7308599201193,54.0318415396663,59.22408893587,56.1029194042336,52.6451528233191,52.0651542723747,54.3622418745873,56.6699570799932,59.0498839038274,61.0881939705351,60.5463849936819,53.507846258091,60.7943429618271,66.5819122486902,69.8176326887784,70.2806779783252,70.3336295196036,76.3339650302142,70.0560280487382,74.4665124437146,76.5026871237804,75.3557323923463,70.9917044618066,76.7048398855925,87.6638626713087,77.5443681895531,71.4586065803986,69.4506290177353
Netherlands,NLD,General government final consumption expenditure (% of GDP),NE.CON.GOVT.ZS,22.295716778979,21.2655661743412,20.8840556186766,20.7183180992759,20.4954027557284,20.5010714498962,20.8986190859753,22.0192443443143,22.8321560843735,22.514499419647,22.3099063136162,23.2049352789372,23.246437316848,23.4554329117656,25.9565230500196,26.2370494322123,25.7353131721475,25.9821764970406,25.7475205351227,25.6143654761747,24.8594414846069,24.5064046933037,24.1682548434397,24.2163772922481,24.3757584960597,25.689222904161,25.3907240199652,24.3402225755167,25.1241509408808,25.7530027827734,25.8706965402753
Poland,POL,"Inflation, consumer prices (annual %)",FP.CPI.TOTL.ZG,27.951388563304,19.7949669196707,14.91315861496,11.5978554257236,7.15407291179853,9.90017538843065,5.4083354556615,1.90528215048054,0.682701375787632,3.38264681884699,2.18379872390251,1.28469394366416,2.4587431238539,4.16497193524779,3.79539242483399,2.58069370250548,4.23940149625932,3.56037151702793,0.991982606332335,0.0538213132399802,-0.874125874125862,-0.664767331433962,2.07593553673859,1.81295156542689,2.22747880938291,3.37446972618589,5.05502704719272,14.4294507575758,11.5289127961105,3.79060897630197,3.81419531520146
Poland,POL,Population growth (annual %),SP.POP.GROW,0.13572103385363,0.0760741823645528,0.0654553694247315,0.0357533013623718,-0.0083027528251411,-1.04433539837844,-0.0275871247282958,-0.0463189372499392,-0.067492701646486,-0.0585127351273288,-0.043948953332248,-0.0633705742926632,-0.0543050208038707,0.0136373796827091,0.067763227021235,-0.285609121534849,0.0537697088781007,-0.000239076003298365,-0.0603600174744649,-0.0748462292920506,-0.0666411009657168,-0.04298513087435,0.0124800985844923,-0.000200132782838419,-0.0244271070993493,-1.19164026205913,-1.4341408496549,-0.433070695882457,-0.365658526875775,-0.349832361234927,-0.338028518667454
Poland,POL,GDP growth (annual %),NY.GDP.MKTP.KD.ZG,7.92965956313934,6.09387747385628,6.35890635030509,4.62161133761769,4.69918479192557,4.65633252988236,1.23374464400356,1.90119437968586,3.52337117234833,5.09079546409544,3.26082274679216,6.20210710934373,6.7604478527626,4.38377069274605,2.61512859291683,3.16892748258036,5.25546256612796,1.51178167644575,0.684240607051805,3.92050862390032,4.43176700264478,3.03117767594847,5.15245773325907,6.2458584723942,4.58045817256199,-2.03556882399977,6.92718266052501,5.25545697386036,0.249610834017872,3.02841630700273,3.5727250346774
Poland,POL,GDP per capita (constant 2015 US$),NY.GDP.PCAP.KD,5671.89573674798,6012.95806433166,6391.13172823376,6684.11477782234,6998.79475144289,7401.57697647848,7494.96089503246,7640.99307757777,7915.55424389704,8323.38773754587,8598.57681241557,9137.65850849801,9760.7042604352,10187.2017910883,10446.5289138524,10808.3975674238,11370.313427173,11542.2353368014,11628.2286809525,12093.1622787394,12637.5220324406,13026.1858988718,13695.6452848724,14551.0850277089,15221.3090624454,15090.2228440113,16368.6239689025,17303.64494323,17410.3830137066,18000.5034591285,18706.7393120197
Poland,POL,Gross fixed capital formation (% of GDP),NE.GDI.FTOT.ZS,17.6302972738112,19.5780131375009,22.2441969794351,24.0035720382944,24.3244640085765,23.8127420447032,20.5657674406759,18.5432520005891,18.2509197048003,18.5995674990585,19.1151050092974,20.6873646209386,22.6927183608956,23.2187374798418,21.6390287021933,19.610376998578,20.3980983864419,19.4237357928102,18.8010145515116,19.9847969664101,20.2410635932191,18.3470170850393,17.4740439375091,18.7557477298941,19.1456176918134,18.3974922436708,16.9279336078133,16.4361707273812,17.9012869831235,17.0407167835613,17.0286414261905
Poland,POL,"Unemployment, total (% of total labor force) (modeled ILO estimate)",SL.UEM.TOTL.ZS,13.695,12.684,10.964,9.935,12.29,14.928,18.435,20.211,19.899,18.822,17.592,13.794,9.551,7.069,8.131,9.578,9.576,10.031,10.293,8.971,7.475,6.141,4.867,3.835,3.267,3.155,3.268,2.811,2.743,2.807,2.976
Poland,POL,"Foreign direct investment, net inflows (% of GDP)",BX.KLT.DINV.WD.GD.ZS,2.56163380699288,2.79828077717913,3.07078506843855,3.64155485442631,4.33907837915662,5.39740366105294,2.95949603020482,2.04862965818155,2.45743497066474,5.41150845702569,3.59641795552772,6.20790606582043,5.82502177093229,2.7209993736918,3.18105494953636,3.94489462074706,3.57128957712437,1.52886091421625,0.258983446617592,3.85089176515991,3.29546177974363,3.81608721408819,2.37812815599278,3.34803954559233,3.15455649244208,3.31499059495462,5.44306737738578,6.00626096603428,4.38918673390545,2.24523191798779,1.93405687091201
Poland,POL,Exports of goods and services (% of GDP),NE.EXP.GNFS.ZS,22.8537362037756,21.9840947671415,23.2551841461345,25.8603424954365,23.996792689932,27.0732197283645,27.0572580080351,28.6233983013403,33.2386667780391,34.0621696099277,34.5254622754817,37.6580412251077,38.4711164171074,37.6687727009599,37.0040504665451,39.8922068463219,42.31819097341,44.0229016385965,45.7672881629144,46.2206720325579,47.1616367257527,49.906428862355,51.6925275786294,52.232575443975,52.6128934811742,52.4338855199248,57.0379760723016,62.3525162455456,57.8812710195434,52.1798133919011,49.9505650987029
Poland,POL,Imports of goods and services (% of GDP),NE.IMP.GNFS.ZS,20.7014818942148,23.392639678205,27.1211944944015,30.685713160072,29.9012260725366,33.5375012139652,30.8212732632544,32.1734007560509,35.9747812061398,36.9194069594885,35.7860168147767,40.0427623151275,42.2742826395837,42.9059088559607,37.9645460598818,42.3336454756702,44.6054983103518,44.8070016680619,44.6502190786485,45.8133476787599,45.0937905484415,46.9594739437073,48.8733676676502,50.2098867240303,48.9681403361987,46.8252057104188,53.836306949643,60.6688166147992,52.1436640222717,48.1796294552629,47.07961715558
Poland,POL,General government final consumption expenditure (% of GDP),NE.CON.GOVT.ZS,18.8197389579682,18.4388608015352,18.0280314834487,17.641042982652,17.8063298597319,17.9874386199245,18.5515181999351,18.563380627424,18.8451542998185,18.2343847850137,18.2841316711182,18.4712705252125,18.1666848826749,18.6262756515519,18.7077470624667,19.1492387195228,18.0778612921893,18.0086571547278,18.3308014321931,18.2380268801328,17.9050312672003,17.8215503011855,17.5668407420539,17.4696531502565,17.8183081676231,18.8371621590167,18.523151073936,18.1191286260219,18.9482308008084,20.813498102606,21.3122462448735
Portugal,PRT,"Inflation, consumer prices (annual %)",FP.CPI.TOTL.ZG,4.22281614099488,3.06897732509786,2.33686298314114,2.57275225909131,2.34009490312169,2.85303039287156,4.36990330551792,3.60034658290915,3.21899090682895,2.365362040973,2.27716394887838,3.1076654587105,2.45396528138746,2.58850657657956,-0.835530021504157,1.40257289895372,3.6530110043073,2.77333854051576,0.274416666666663,-0.278153367467428,0.48793862390472,0.607397074641719,1.36861411643482,0.993715683468233,0.338178410046124,-0.0124383299576209,1.26565719069044,7.83269124233323,4.31128191898681,2.41613187791876,2.33601620316701
Portugal,PRT,Population growth (annual %),SP.POP.GROW,0.346203938301886,0.375996187340096,0.446460604971181,0.505389233382722,0.565630442435222,0.702859953319024,0.705230637323876,0.547667939660689,0.375411414855816,0.239128989611917,0.185532266654625,0.18033244147767,0.196304384487306,0.144191279853498,0.0953308592370666,0.0459100367184907,-0.147084878575482,-0.405421787747567,-0.548815210952228,-0.539190466792077,-0.414141101993213,-0.315459016997883,-0.243889410358812,-0.160104021146769,0.0237334946497115,0.10511412524675,0.626850165433157,0.697256448023043,1.36912985956796,1.09536933248007,1.02505359028502
Portugal,PRT,GDP growth (annual %),NY.GDP.MKTP.KD.ZG,4.28278017236022,3.50424653058748,4.40086766458026,4.80796318953165,3.90657779623113,3.81617714108242,1.94367213427915,0.770924781247714,-0.930521045062918,1.78873552917291,0.781847569123585,1.62503532956156,2.50657937751231,0.319247344434558,-3.12207827545093,1.73762453640036,-1.71352745905065,-4.05090267621935,-0.984106574148328,0.741391420706506,1.58979803702681,2.00414129666575,3.31472008175986,2.94628343449202,2.74568432648596,-8.20463159324387,5.55875672070374,6.98584137580278,3.09998745904281,2.21459232301109,1.86448007464475
Portugal,PRT,GDP per capita (constant 2015 US$),NY.GDP.PCAP.KD,15811.7171369279,16304.3794463959,16946.086865108,17671.3135082912,18258.0911720943,18822.0933092937,19053.089945659,19095.1102477398,18846.5411893632,19137.8370898949,19251.71450683,19529.3122100477,19979.5706280792,20014.4749330004,19371.1318876855,19698.6836791397,19389.6395896162,18679.7626789594,18597.7214623964,18836.8967978906,19215.7813014347,19662.82312462,20364.1962735946,20997.7745987013,21569.1874752919,19778.7139525722,20747.6990734163,22042.8680283647,22417.1634060906,22663.993126225,22851.1179216572
Portugal,PRT,Gross fixed capital formation (% of GDP),NE.GDI.FTOT.ZS,23.2815275215569,23.8237858649358,25.9973618932139,27.3482230413821,27.5911355459617,28.0030505913879,27.3815897887365,25.8571046731868,23.7604429031882,23.4240673865132,23.1265756274961,22.5328535552248,22.5096224343179,22.8522358901842,21.2015952644164,20.648039322463,18.4841132585209,15.8781657037328,14.8309176782448,15.1107479627964,15.6540732098538,15.7267272276065,17.085659362742,17.8287896047353,18.4328254718014,19.4962993707914,20.5029780421601,20.5732413117937,20.4859520223246,20.4281161978824,20.6950625491652
Portugal,PRT,"Unemployment, total (% of total labor force) (modeled ILO estimate)",SL.UEM.TOTL.ZS,7.064,7.298,6.571,4.64,4.579,3.806,3.829,4.497,6.132,6.319,7.582,7.649,7.965,7.553,9.432,10.771,12.715,15.509,16.237,13.88,12.405,11.058,8.878,6.966,6.422,6.85,6.712,6.138,6.498,6.5,6.164
Portugal,PRT,"Foreign direct investment, net inflows (% of GDP)",BX.KLT.DINV.WD.GD.ZS,0.579546715045669,1.28145373512428,2.31647209170026,4.89835270210409,0.581077558591109,6.14861920837231,5.02761444190448,0.436137292252839,6.26697257909762,1.312247289237,1.70741232717781,6.41633004151996,2.50093088549298,2.96892594201258,2.35133912553896,3.77376819569615,4.23648756430888,7.21535195239496,6.43654323197598,5.43851031792652,0.63522205292535,3.56282992803299,5.02041551787587,3.46584287446499,4.5038935303436,1.8141455418251,3.60836004516304,5.08368921917484,3.96325428743124,4.29974090969256,..
Portugal,PRT,Exports of goods and services (% of GDP),NE.EXP.GNFS.ZS,26.7697318737852,26.5484648796224,27.1541447475915,27.3316272273762,26.4819747246951,28.2046205938904,27.4373261135265,27.0733622325977,27.3671918978917,27.6670515552519,27.0841675459537,30.3574044411002,31.1941845713373,31.2610790783868,27.2937427180784,30.0275851235273,34.4115130933228,37.7235057219779,39.5639503324812,40.1850905816292,40.6876664090066,40.3550889260564,42.9426786480198,43.677580570852,43.6531259432991,37.2560151344529,41.5484271843512,49.4816822004506,47.1554769314882,45.8196856112127,43.6580888492067
Portugal,PRT,Imports of goods and services (% of GDP),NE.IMP.GNFS.ZS,33.1447402882201,33.6613401675442,35.1508067548668,36.4992716296598,36.8323550925286,39.2483773924343,37.6546290635856,35.2348971843795,33.7717555904736,35.5375421117759,35.8603370144983,38.1896486771007,38.7519330104618,40.8146638437736,34.1989508086976,37.6616550692709,38.5960625767303,38.2176009968034,38.466555354947,40.0355784904498,39.9470092176377,39.1672575583436,41.8651136589341,43.0581149209879,43.1178629650595,39.2526255864686,44.3251180305463,51.8824642789839,45.9803767757157,43.8418780958391,42.7407881300597
Portugal,PRT,General government final consumption expenditure (% of GDP),NE.CON.GOVT.ZS,17.4618341842831,17.6785052834986,17.5986270430767,17.8021599541733,18.0070115955408,18.8019019199904,19.188733031128,19.4926040198461,20.0456537125368,20.3613157467388,20.9210881701519,20.2576380318042,19.5463136710007,19.6817228650403,21.257130539027,20.5778304079925,19.6880907242137,18.3085972810407,18.8044323768764,18.3726660197423,17.8503960269645,17.5903022044407,17.2032681889607,16.9606528067156,16.9462589368138,18.8833856660288,18.5337188379276,17.4032292712334,16.7000067670882,16.8494898224599,17.0486927497727
Romania,ROU,"Inflation, consumer prices (annual %)",FP.CPI.TOTL.ZG,32.2424847257597,38.8293013382852,154.763480436309,59.0965827541167,45.8037811326363,45.6665940440238,34.4770123493527,22.5398862605386,15.2734889936255,11.8743635936399,9.01491283343835,6.55851412276983,4.83732928313989,7.85080255714482,5.58742004264393,6.09141668601891,5.7892532881588,3.33492267693442,3.9847123554813,1.06830987684298,-0.594156437495203,-1.54479666813897,1.3390212110439,4.62548443137779,3.82785432599438,2.63107311184743,5.05232876096582,13.7954887432521,10.3971874764996,5.72140574354439,7.18903362292063
Romania,ROU,Population growth (annual %),SP.POP.GROW,-0.20231879638046,-0.288129485530899,-0.287897951541563,-0.206980241940766,-0.156978616024445,-0.129440039806255,-1.39542998635748,-1.83065499370162,-0.7212622974018,-0.569786272532879,-0.61753095660306,-0.592402560029107,-1.47722298197717,-1.66638264306554,-0.833088754778975,-0.593959183588628,-0.491866212866043,-0.445177936198383,-0.371323062878035,-0.374575497762261,-0.470052227864654,-0.573660845379617,-0.578007015146885,-0.587493307403584,-0.526814821936341,-0.550759892541776,-0.746036478523061,-0.385412679960785,0.0659152146414443,-0.0485820204761977,-0.165649007627974
Romania,ROU,GDP growth (annual %),NY.GDP.MKTP.KD.ZG,6.23351148371351,3.90770208816159,-4.8490627379703,-2.02981290571721,-0.376660705758994,2.4612634592269,5.21813625673708,5.70299165043771,2.34114732919521,10.4281130180976,4.6681480508487,8.02881107599163,7.23380774362805,9.30746717077338,-5.51670615843011,-3.90581157302972,4.49558909946313,1.90361696799603,0.278771877470234,4.11600109267832,3.1570360543854,2.85993252302089,8.19547826641261,5.39452228185675,3.96028958497598,-3.59802546034757,5.58735072538869,4.18771305104109,2.25773416555121,0.916003764382594,0.677829835052762
Romania,ROU,GDP per capita (constant 2015 US$),NY.GDP.PCAP.KD,4572.25803354276,4764.63682106299,4546.66753054721,4463.60791806212,4453.78126046181,4569.31124324524,4875.30310600635,5248.54994632668,5410.30835796252,6008.64048461485,6328.09022324183,6876.77841417966,7483.97375820611,8318.00342795388,7924.87058070212,7660.70667630517,8044.57194920892,8234.28553425194,8287.95844089676,8661.47397274241,8977.01748158196,9286.87678236598,10106.2269557253,10714.1701157127,11197.3162915853,10854.049431887,11546.3224998072,12076.3033811896,12340.8170509969,12459.9112061891,12565.1650433306
Romania,ROU,Gross fixed capital formation (% of GDP),NE.GDI.FTOT.ZS,21.1612750637269,22.9027810708045,21.8356006447034,18.8114905816898,18.0481584141174,19.1198309450237,21.0397013750581,21.4637013492348,22.7401238865013,22.2953038620972,23.3629492100554,26.6161477360716,35.3425758725047,37.2870677770874,26.0040880012718,25.6712631661725,26.7682443996015,27.0083434921936,24.4051301861521,24.6126580007624,24.9221877637539,23.0378667704786,22.8776875524148,21.2109721093098,23.2590450793581,23.4616307778484,24.5030039238951,25.1239601854055,26.547940234961,25.2916623299005,25.6090244812044
Romania,ROU,"Unemployment, total (% of total labor force) (modeled ILO estimate)",SL.UEM.TOTL.ZS,8.01,6.74,5.515,5.63,6.239,6.969,6.561,8.112,6.95,7.719,7.174,7.27,6.413,5.787,6.859,6.959,7.177,6.794,7.096,6.802,6.812,5.901,4.927,4.187,3.912,5.035,5.59,5.614,5.589,5.4,5.992
Romania,ROU,"Foreign direct investment, net inflows (% of GDP)",BX.KLT.DINV.WD.GD.ZS,1.11941807479042,0.712021742757537,3.41529919490512,4.87096009208894,2.89543420938062,2.78361317174685,2.8642076020901,2.48342020141655,3.18995908035532,8.59368512961184,6.60067175776297,9.02006052535516,5.78679016158104,6.37741866098849,2.66364407064905,1.88971859139686,1.23042689104897,1.70143772893217,2.03100513989555,1.9372882717301,2.42725822119064,3.37417569649644,2.8327307446025,3.03714660753952,2.94522918789332,1.43737626680298,4.12832844182863,3.88649421607456,2.50426860654842,1.87134949618788,2.18672174987663
Romania,ROU,Exports of goods and services (% of GDP),NE.EXP.GNFS.ZS,25.6300423094106,26.4574936115282,28.1971443249242,23.0154805621533,26.6618172055494,21.58888431382,22.105963469215,24.0130293587441,24.2127350487918,25.743936265036,24.5352206061523,24.7712264990404,24.710829049515,26.155499661561,26.022377022811,31.6415933092484,35.2366088533551,35.708362986259,40.2453636124718,41.4767119396626,41.3491935848306,42.4163351743737,42.334274206143,41.7841912043995,40.3352034270657,36.9711409958175,40.6943872735548,43.5131053942163,39.2445975462886,35.6030266999465,35.4843123183415
Romania,ROU,Imports of goods and services (% of GDP),NE.IMP.GNFS.ZS,30.6611830867474,34.3238757606892,35.0080980074588,30.8233151479287,31.3118578394381,26.9324410712586,29.8226275519331,29.6972184551935,31.9667919982326,34.8825424019048,34.8253288429032,36.9123994274755,38.7943276239508,39.0197013363802,32.4476813438419,38.3133421840234,41.0347475882739,40.8859610051082,41.1522495622465,41.8984310178575,42.1713831168849,43.4761931163147,44.8217903606371,45.3069789051814,44.5711596314136,41.3905053604534,46.3768092724597,50.4365455441284,44.1307348599346,41.6119570939538,40.7304740245655
Romania,ROU,General government final consumption expenditure (% of GDP),NE.CON.GOVT.ZS,12.2487057525031,11.6731209989726,12.6917149344512,11.8926601761255,16.7184869681314,16.8590050338122,15.7967278693328,14.8243105242938,16.0448025610991,14.7275942495003,16.2399747055988,15.9232658405555,15.3905496262431,15.8802915132391,16.1008182783231,15.0223287183306,13.5263054824729,13.7701345444659,14.2828758426557,14.1783362360873,13.9413929099012,15.3089409783507,15.6975535819589,16.7401011406337,17.5583336108956,18.8744011544391,17.8062190423497,16.656923765154,17.1999939148178,18.5142332808639,17.3026639620886
Slovak Republic,SVK,"Inflation, consumer prices (annual %)",FP.CPI.TOTL.ZG,9.84109579837761,5.7758278615594,6.14198999595657,6.66565123195822,10.5704416075224,12.0357805974299,7.32962019115532,3.12714222984609,8.55414305406653,7.54850088183423,2.70908494588383,4.48333120449615,2.75672371638135,4.59817976325028,1.61510464058236,0.957018132975174,3.91928599146291,3.6061026352289,1.40047368963025,-0.0761653295419871,-0.325219777427765,-0.520010196278358,1.31194588223247,2.51403712883803,2.6645613342544,1.93694126694223,3.1496062992126,12.7741463637611,10.5319476645211,2.75760909424279,4.00042823495829
Slovak Republic,SVK,Population growth (annual %),SP.POP.GROW,0.29263220653253,0.211674396431709,0.184629991205462,0.13412159848536,0.102053161046239,-0.135376487794425,-0.18301227099618,-0.0363525509687338,-0.0658215070322074,-0.0203617202597358,0.00980913417308711,0.00459711883568263,0.0291784011934372,0.0857552995195914,0.133257321027673,0.0931912731899838,0.128936462723796,0.170183855326072,0.107458009492367,0.0970454215834878,0.0950338786482762,0.128922329956911,0.155178995687406,0.138508159611326,0.135328072840865,0.0857694756149868,-0.212358807611049,-0.284860959688394,-0.0923148510113108,-0.0861108401600769,-0.152382641257418
Slovak Republic,SVK,GDP growth (annual %),NY.GDP.MKTP.KD.ZG,5.8434942995335,6.11957878556568,5.48584018546269,3.82610773560614,-0.473261209621114,0.78922447792516,2.92516077248489,4.41725348271514,4.85669851591319,5.38949856996771,6.48493222274386,8.92568704770216,10.8186295074904,5.36337721231949,-5.50533790972226,6.79058159142423,2.56242473215553,1.56917104702706,0.703323545247201,2.70795151449488,5.17687909722133,1.94781841524558,2.87473327453695,4.06211981896483,2.27589910019393,-2.58551241733207,5.6558588065555,0.544591632137454,2.11263633214959,1.93867445549446,0.807418690144758
Slovak Republic,SVK,GDP per capita (constant 2015 US$),NY.GDP.PCAP.KD,7755.6233338553,8212.83193942756,8647.39434311517,8966.21926231252,8914.68326467255,8997.21199594319,9277.35808851002,9690.68468262889,10168.02256533,10718.2101858841,11412.1593630008,12430.2015488557,13770.9602691527,14497.1114407172,13680.7537106597,14596.1477776887,14950.8735178599,15159.6570420004,15249.8824513785,15647.6491763517,16442.0760860018,16740.7413996428,17195.2888721963,17869.0149173679,18250.9802475637,17763.8563847352,18808.4540496595,18964.8298400624,19383.3732009401,19776.1758069498,19966.2542827277
Slovak Republic,SVK,Gross fixed capital formation (% of GDP),NE.GDI.FTOT.ZS,26.5113642258876,33.5259973488921,35.7095364907817,37.4903361475626,31.4454436087114,26.9076819797917,29.7492996540798,28.4571029898706,25.3106835058969,24.721622234297,27.0979138790485,26.3756839954384,26.2297796014925,25.6301340300419,21.699930377173,21.8497529970948,23.9414977059811,21.0504458662276,21.1910610755073,21.1761310723424,24.3202564656274,21.6601191942233,21.2735243502353,21.3447569716069,21.6812781607176,19.7809655184171,19.5981995330742,20.9401153914882,21.1360451605213,20.4183967254733,20.5315149404576
Slovak Republic,SVK,"Unemployment, total (% of total labor force) (modeled ILO estimate)",SL.UEM.TOTL.ZS,13.109,11.341,11.894,12.421,16.099,18.546,19.148,18.541,17.549,18.206,16.276,13.395,11.16,9.514,12.023,14.387,13.634,13.966,14.226,11.536,11.492,9.679,8.142,6.544,5.761,6.719,6.894,6.143,5.843,5.3,5.359
Slovak Republic,SVK,"Foreign direct investment, net inflows (% of GDP)",BX.KLT.DINV.WD.GD.ZS,1.1628674967084,1.60452194657012,0.802237957496426,2.82219179378521,1.62825325497381,10.5840304918035,7.16911283154777,17.0074822919687,2.87070802571882,9.45863522150628,8.03605835400406,9.98305386037355,6.56747727493293,4.79998733472882,1.7025214117002,2.32222893370545,5.44765747649664,1.87551069035637,1.01266878582834,-0.356803047431846,1.70487122540291,5.27770700739813,4.39986424621101,2.11269531583982,2.15394548631737,-1.05975666677956,2.25677867211963,4.16872005912019,0.393861455912485,3.55503662060591,1.32903607891854
Slovak Republic,SVK,Exports of goods and services (% of GDP),NE.EXP.GNFS.ZS,53.3188330951551,48.8972317897244,53.520673025244,45.4890316114522,46.4024984014894,53.305266831721,57.2605092112671,57.0983859090013,62.7757965063135,69.3444966416003,72.6301406940614,81.2803496633307,83.3772425819148,80.2044674152301,68.0960564898296,77.0810820862371,84.6330521239054,90.908862673381,92.8790222418488,90.4400089861459,90.6938496191421,92.3116870095116,93.9524168738907,94.9268326476368,91.8440865121276,84.2983434485345,90.7618617591412,99.0674933921507,91.4935561325084,85.4834989561279,85.0946294110273
Slovak Republic,SVK,Imports of goods and services (% of GDP),NE.IMP.GNFS.ZS,53.9163550193964,61.9204724259741,63.7674607198646,56.417186139942,51.1277537787617,55.6339961270251,64.6706220116446,63.5007821368864,63.2227097144907,70.8779633799851,76.0753204676849,83.711856062905,83.2027826349668,82.2600055764106,68.6182956025341,78.0274155953488,84.5450241871604,86.0600955080503,88.0241142496093,86.3163071119859,88.7321732758884,90.4456925866891,92.692270525658,93.8061320518596,91.8785221191079,83.2358298718319,91.2176227259784,104.988825139001,89.8973162239414,85.729301195507,85.2478669923037
Slovak Republic,SVK,General government final consumption expenditure (% of GDP),NE.CON.GOVT.ZS,24.9064833500493,26.2300703382772,23.639338747669,23.6894405422475,21.3836091364073,20.9286351185658,21.067522825733,20.521058992739,20.5682257441051,19.1576128222425,18.8859110536787,19.3874715922502,17.7282470683963,18.0756234497765,20.5559097902852,19.7492556097758,18.7431725961413,18.4796734281638,18.6874006692499,18.8497132400672,19.0031597246686,19.4074978192346,19.4392079507187,19.0247411791222,20.0804190622354,21.2415809601177,21.1836928333099,21.250579882602,20.3237903640526,21.1147597312352,21.4054142585281
Slovenia,SVN,"Inflation, consumer prices (annual %)",FP.CPI.TOTL.ZG,13.4637296178669,9.86445061546854,8.35967990704302,7.89116682856682,6.1555875445156,8.91174418658757,8.37966587492208,7.48077770703761,5.54416421752897,3.5929759424951,2.45150132316477,2.45792444195863,3.657495632841,5.64742380573939,0.839262246793805,1.80117022137138,1.8028517194191,2.59741386039003,1.76920085881897,0.199343826570844,-0.525552285820783,-0.0549995416705683,1.42910743319306,1.7386086198818,1.63052260754335,-0.05485681576061,1.91706506089269,8.83369886749452,7.44687717385846,1.96562656432505,2.37284807226549
Slovenia,SVN,Population growth (annual %),SP.POP.GROW,0.0215614999899353,-0.0625361337459717,-0.134454343022371,-0.218117656735081,0.0714308445137258,0.29607496005045,0.157498742047657,0.123915442323272,0.0602967792572922,0.0640662022616923,0.173208905073743,0.31911453657107,0.559207815536831,0.158140843634363,0.903875535210913,0.43607948463593,0.207732702329724,0.210024305900448,0.135726228915631,0.0983519219451147,0.075190689011533,0.0731972072415279,0.0651590392490152,0.362584395134764,0.696304046333357,0.669754656164979,0.268851969969908,0.189424378732817,0.396216782960902,0.326705896075754,0.168420657387838
Slovenia,SVN,GDP growth (annual %),NY.GDP.MKTP.KD.ZG,4.1071588268846,2.91361775262531,5.17133827310541,3.06382595802013,5.26800700427259,3.49791942086068,2.82868479430465,3.28258371393918,3.19503117236037,4.54602214352336,3.8541277114569,5.90878130011174,7.1392312914716,3.37223866114127,-7.59058614046387,1.11213719306735,0.655438128379743,-2.91553782040462,-0.823776417691676,2.76283327639742,2.39330621338168,3.03441486663654,5.17440215579958,4.37908347331195,3.50525332381912,-4.08500094942896,8.41686457725321,2.66850555542486,2.3758326648385,1.73139722479493,1.05992996255246
Slovenia,SVN,GDP per capita (constant 2015 US$),NY.GDP.PCAP.KD,13278.7428559643,13674.183297426,14400.670888341,14874.2904782546,15646.6885879812,16146.1216848394,16576.7158840406,17099.658209132,17635.3608581831,18425.2601213581,19102.2776603905,20166.5323431214,21485.780992381,22175.2369557321,20307.6188322273,20444.1201295876,20535.4155754108,19894.8697964548,19704.2186005128,20228.7081986391,20697.2748530619,21309.7122138949,22397.7634988337,23293.966665323,23943.1800949889,22811.8050540778,24665.4410464026,25275.715967757,25773.9015835069,26134.627203987,26367.1907353982
Slovenia,SVN,Gross fixed capital formation (% of GDP),NE.GDI.FTOT.ZS,23.1095139277958,23.9079940537581,25.2194333899588,26.2372567579746,27.8104980024414,27.5926973849984,26.6156129719771,24.8641515806336,25.2648362086817,26.2122139693469,26.7841476169297,27.9014994356825,28.7632142843547,29.5862302565727,24.4165581529781,21.2216002661579,20.08483828855,19.1676737562844,19.8337339250587,19.4365582725521,18.9176485172673,17.7799826082197,18.4937257477793,19.5302803292433,19.7583962473649,19.0238928131055,20.2003570967526,21.988357400127,21.5950558507346,20.9214124483696,21.1254931090118
Slovenia,SVN,"Unemployment, total (% of total labor force) (modeled ILO estimate)",SL.UEM.TOTL.ZS,7.15,6.879,6.648,7.39,7.324,6.918,5.682,5.922,6.479,6.012,6.506,5.95,4.818,4.371,5.858,7.236,8.166,8.841,10.103,9.668,8.962,8,6.564,5.108,4.446,4.971,4.744,4.011,3.652,3.7,3.175
Slovenia,SVN,"Foreign direct investment, net inflows (% of GDP)",BX.KLT.DINV.WD.GD.ZS,0.703875268053307,0.807146507308572,1.61384646482666,0.977848343403061,0.471479700146372,0.673638153483466,2.42490291611765,7.96826357828918,1.82421495294141,2.23412471685355,2.70057223244549,1.76264658794015,3.93587276921145,1.94695512755549,-0.694282375481298,0.667761282375457,1.71085960342006,0.072644638587861,0.217315881641324,2.05875310395561,4.05096848349793,3.26541395278807,2.4842141360232,2.86489909951597,3.99098612082388,0.948340847721794,3.60613978687237,3.64010857871706,2.09028809314832,2.5587649173879,2.26084906229915
Slovenia,SVN,Exports of goods and services (% of GDP),NE.EXP.GNFS.ZS,45.4053607538828,46.2093944981182,47.6449263820488,47.684756163836,44.3045583895072,50.4595684798996,52.2659847153184,52.9416529201899,51.4798131882271,55.4710149538959,60.2413029718392,65.2348404381098,68.1644475188117,66.6359175894349,57.962823638698,64.8408281230436,70.7829460940809,73.5453480307472,74.9589463655648,76.6524478122161,77.6641701406595,78.4365866675597,83.8819801621931,85.5686370516669,84.3570583498527,78.2717999916943,83.6999417881902,94.3162594247263,83.4382737313632,80.9173894920357,78.6394707763247
Slovenia,SVN,Imports of goods and services (% of GDP),NE.IMP.GNFS.ZS,47.6451665433895,47.4590470196594,48.7846131213189,49.383325378787,48.6536290352206,54.1607801015593,53.3172388153655,51.9388053692256,51.8002139393991,56.9289185128662,60.8859812460752,65.2830726480487,69.4986468322083,68.7511760753667,56.5194773849398,63.765747302319,69.5494096562379,70.1111005422282,70.2098430668378,69.8192572845302,69.5541975738436,69.8018614128279,74.820155682477,77.0448569241837,75.687217335396,69.2772085932473,78.0887857232485,92.3308168499054,76.7213955695369,74.740539192438,73.2758980628106
Slovenia,SVN,General government final consumption expenditure (% of GDP),NE.CON.GOVT.ZS,17.874286062496,17.7981868200874,17.6694521846759,17.6509899976758,17.8336789424071,18.5831137438127,19.0123597950554,18.865001506061,18.9250776658341,18.9561560768234,19.041874595409,18.7440868090306,17.5261726788709,18.2687036587887,20.4055589857637,20.6009174059988,20.7329613365025,20.4936480302629,19.8352627281388,19.0497528436032,18.9522332257864,19.2215460140546,18.6134006520701,18.4087961852461,18.4796995227265,20.7188265980617,20.8250947962286,19.4879928272091,19.213363720423,20.3890448856139,21.2320359666487
Spain,ESP,"Inflation, consumer prices (annual %)",FP.CPI.TOTL.ZG,4.67380337624701,3.55884559338561,1.97107395582926,1.83432999908414,2.31034813987063,3.43351563418764,3.58983413338117,3.06565685902211,3.03888839396661,3.03924881090924,3.36881409750383,3.51557576832123,2.7867974580495,4.0753433595734,-0.287813083535241,1.79986457728769,3.19610188833792,2.44612782366809,1.40858109183009,-0.151114837527235,-0.500365709903243,-0.202598000426358,1.95607633363954,1.67498136863799,0.699518994458648,-0.322753017299649,3.09313511976402,8.39057634118637,3.53236133492433,2.747147886618,2.699932857627
Spain,ESP,Population growth (annual %),SP.POP.GROW,0.441365749537872,0.416515798212804,0.41911951720212,0.413847481113965,0.405323025522848,0.447137014535835,0.694068084334464,1.41259540475782,1.80845446818345,1.7254663034483,1.68934904712031,1.69035255626114,1.85108130845179,1.59533049906372,0.88573598057307,0.460408305051304,0.355338396471428,0.0649259625617232,-0.361668780017733,-0.308309722343882,-0.0827492378541321,0.0771658726133905,0.243134086570712,0.451573724507016,0.716697775475724,0.510010189620998,0.178046695121711,0.718854879160094,1.17836618688432,1.02121260938381,1.03113431966787
Spain,ESP,GDP growth (annual %),NY.GDP.MKTP.KD.ZG,2.75749400293542,2.60741117110229,3.58729972356299,4.30197745333581,4.40886545305924,5.20064125553942,3.91908880808811,2.75545611564098,2.9392895953076,3.1145314799161,3.5512255846125,4.04343515605099,3.53350013165972,0.767165748290694,-3.76813306940053,0.0941223116369514,-0.639920636520344,-2.86511368637748,-1.42732224757626,1.52048593647231,4.06086672473866,2.91515598595787,2.89604207865007,2.39541124478878,1.96117850841711,-10.9400706350371,6.68314420473001,6.37031712129601,2.46085796805582,3.45525405630191,2.82495400578509
Spain,ESP,GDP per capita (constant 2015 US$),NY.GDP.PCAP.KD,20217.9031940372,20658.8402775701,21310.4311888986,22135.4045018802,23017.838771323,24106.8818529374,24878.3784543991,25205.3154769045,25481.1653690112,25825.3106463315,26294.447384391,26899.0921497113,27338.79541774,27112.526293889,25860.8142592652,25766.2515825743,25510.5579678829,24763.568274484,24498.5559507945,24947.8512505913,25982.4416197775,26719.2442268615,27426.281015093,27956.7225466484,28301.4393949563,25077.019882928,26705.3629138959,28203.1093419474,28558.6319817501,29245.2192451729,29762.9000560093
Spain,ESP,Gross fixed capital formation (% of GDP),NE.GDI.FTOT.ZS,21.8968015834563,21.6960564152279,22.1386166086352,23.283395642947,24.7406937010493,25.9726762707912,25.9006959047475,26.1773351970806,27.1239081928981,27.8253003573011,29.0284035934931,30.0454936237283,29.8758005495847,27.8566240453349,23.1621916327272,21.8742137780893,20.1470024048134,18.7105922599627,17.5983666974763,18.0299514220621,18.298942519262,18.1917189018021,18.9061933772299,19.6739026426325,20.305014716322,20.6159328524088,20.199534753463,20.4882317498181,20.4658153069816,20.2878325064447,20.6085758722391
Spain,ESP,"Unemployment, total (% of total labor force) (modeled ILO estimate)",SL.UEM.TOTL.ZS,22.675,22.142,20.698,18.673,15.475,13.785,10.348,11.146,11.283,11.09,9.146,8.452,8.232,11.254,17.857,19.86,21.39,24.789,26.094,24.441,22.057,19.635,17.224,15.255,14.104,15.532,14.914,13.033,12.179,11.4,10.376
Spain,ESP,"Foreign direct investment, net inflows (% of GDP)",BX.KLT.DINV.WD.GD.ZS,1.34842263683776,1.52609695036777,1.59963097299184,2.53981875835882,3.12218385015752,6.808785945464,4.62197940241983,5.54556177892168,3.41488423629312,2.39691740423512,2.44941913037175,2.80982337619077,4.7599135539395,4.36076294618522,0.505306851587762,2.51885825626411,1.73938048405349,1.44631700014204,3.4608559063245,2.31642230011085,1.97131692755332,3.61722479660389,2.54039212306223,4.46748509754483,2.16052375036307,2.92165980781023,4.42272902452136,4.65609043363165,2.89981565316893,2.47896679493344,1.47335515487964
Spain,ESP,Exports of goods and services (% of GDP),NE.EXP.GNFS.ZS,21.866166658338,23.0731000969432,25.7160804746315,26.1498778707572,26.389770883103,28.5889225704133,27.8768485415674,26.5642672698948,25.6155917093049,25.3882582473993,24.940578932511,25.183486968843,25.9230971257706,25.5478087649402,22.9853959496361,25.8278133398939,29.3884101095734,31.2997362842724,32.7554570166099,33.2193399291014,33.2986849561039,33.5770329849408,34.9003952055684,34.874813986254,34.6755629292261,30.4810248544563,33.7570843255301,39.6716824276836,37.8166476493913,37.0558792721708,36.6374813887545
Spain,ESP,Imports of goods and services (% of GDP),NE.IMP.GNFS.ZS,22.9644613141731,23.2246505749101,25.5110593848211,26.5804352013017,28.3071423051465,31.5327015345083,30.1370410210027,28.5378742610811,27.8201980109209,29.0912600182081,29.7585877718662,30.9004394134785,31.703851639984,30.280322752312,23.8512940474748,26.865556633508,29.1234127763898,29.2542984119139,28.9133156275228,30.1799222098486,30.2833562687193,29.6116448657886,31.2670509322886,32.1345964120382,31.6906621148431,28.9651031602513,32.7675046176609,38.7940514426218,33.9809889561819,32.8943819660923,32.8133446186236
Spain,ESP,General government final consumption expenditure (% of GDP),NE.CON.GOVT.ZS,17.574887183086,17.4379174796399,16.9493093063004,16.7874159180213,16.7254662809412,16.6339031053062,16.4748815192922,16.5507159777204,16.7052248521521,17.0898740667791,17.244069206419,17.2695666364172,17.6057337957442,18.7224028075424,20.5244224084101,20.4847072585399,20.4910685044307,19.7870775432351,19.746561211795,19.4816107431645,19.2544098492152,18.8652026283942,18.4438951679624,18.4506663499071,18.6747333912946,21.745479599084,20.9993087673233,20.0463999686015,19.6235580977205,19.3059153374772,19.2021821388944
Sweden,SWE,"Inflation, consumer prices (annual %)",FP.CPI.TOTL.ZG,2.455148578184,0.533131978766238,0.658410256243526,-0.267132668354971,0.462175756339138,0.899143734041715,2.40595834145436,2.15848213589266,1.92565534892383,0.373659828721824,0.453170852576138,1.36021468627693,2.21216883436733,3.43704910602875,-0.494460544378051,1.15798802715626,2.9611507382214,0.888377506923735,-0.044292970148682,-0.179638494114635,-0.0467847449832812,0.984269244577992,1.79449904665599,1.95353530127028,1.78415097403835,0.497367318853572,2.16319736447143,8.36929098869189,8.5486248974891,2.83581658224034,0.679869285243995
Sweden,SWE,Population growth (annual %),SP.POP.GROW,0.524703941553734,0.159147080582875,0.0572622034229794,0.0555121222123307,0.0779271508703018,0.160575484575313,0.268470527954234,0.325438067703728,0.372092942799084,0.393298991357658,0.399942762807279,0.562483906481893,0.741552514625445,0.779033290770134,0.851904412936677,0.852524628765313,0.755150133665177,0.739763272434863,0.847348652246305,0.992219728591882,1.05745468551674,1.25645398510305,1.34744505956262,1.16164515996039,1.01372226345511,0.722703912882934,0.600591532839468,0.68058286829853,0.472717863265105,0.313432129983607,0.254281358853672
Sweden,SWE,GDP growth (annual %),NY.GDP.MKTP.KD.ZG,4.09438992772475,1.70471985374236,3.06499186399252,4.24583179417877,4.20111929805536,4.63112136551369,1.36080642694121,2.27772867861897,1.88102769675844,4.17958419343711,2.79313782840156,4.67607488877992,3.22486814096095,-0.923113250067971,-4.25561384207619,5.75076477579255,3.16388567406926,-0.414397702454409,1.13766671801426,2.29577238758284,4.38824673608589,2.13117914731151,1.88282184966646,1.7702553546772,2.60823012869524,-1.93379704032216,5.2258643028773,1.25543620445816,-0.204061304891439,1.01779633304398,1.54316373266217
Sweden,SWE,GDP per capita (constant 2015 US$),NY.GDP.PCAP.KD,35064.4138802129,35605.4537507466,36675.7506543343,38211.7233090832,39786.0271902555,41561.7747635857,42014.4022302506,42831.7584103774,43475.3655433221,45114.6701230708,46189.6828420555,48078.3520110084,49262.152916545,48428.6587081751,45974.3911151254,48205.5492512742,49356.5905257047,48789.7906883637,48928.4994141291,49557.6183647959,51188.1652120493,51626.3235312369,51894.3748177808,52203.0872589761,53024.4099494317,51624.5811789573,53997.1337068799,54304.1877501033,53937.7967122429,54316.2619329718,55014.3814616932
Sweden,SWE,Gross fixed capital formation (% of GDP),NE.GDI.FTOT.ZS,19.5446497049005,20.0250892066356,19.7081236429224,20.5620825743072,21.1538088212455,21.7434172971739,22.1805552893982,21.6669413046726,21.0990556783309,21.3471687403972,21.5097260897802,22.5576014619411,23.5097905127659,23.9954149226696,22.0664924860152,22.0467665339345,22.4066937719191,22.2577020508821,21.96568388342,22.6931835326185,23.2410511527473,23.8714205355535,24.5812672645971,24.6138158333991,23.8411457244241,24.5326066682559,25.1158043176516,25.590797768041,25.4119400890775,25.1020245960477,25.2280085399797
Sweden,SWE,"Unemployment, total (% of total labor force) (modeled ILO estimate)",SL.UEM.TOTL.ZS,8.897,9.547,10.359,8.941,7.607,5.466,4.73,4.965,5.555,6.693,7.81,7.066,6.161,6.235,8.351,8.61,7.804,7.976,8.052,7.954,7.432,6.99,6.718,6.365,6.833,8.291,8.803,7.417,7.611,8.4,8.694
Sweden,SWE,"Foreign direct investment, net inflows (% of GDP)",BX.KLT.DINV.WD.GD.ZS,5.59421464046124,1.88110680656542,3.82892113248166,8.61423402009942,22.9333652251559,8.67916615378573,7.51256723790645,6.87493521047709,1.79831756030611,4.38300602347958,5.30592267942897,5.21921287841886,9.41612400200535,8.05196630424181,2.06323507354771,0.126859666003955,1.22329216394859,0.777373680569339,0.2546975094246,-1.0454392642501,1.94926707461038,3.01534061830454,4.54156677126576,-0.129928906336359,2.9559286166832,3.36375559523307,9.17868162234424,9.35228228785513,3.22512369002956,5.0794723229992,2.86246002434244
Sweden,SWE,Exports of goods and services (% of GDP),NE.EXP.GNFS.ZS,37.3398580855886,36.1265676923344,39.2316334636844,40.1302607304204,40.1768255234438,43.245425579392,42.8995075024433,41.1616688311214,40.3360837488571,42.7189306670309,45.3316169745966,47.5983472649069,47.7240209109834,49.0140992896845,43.4591254566978,44.8770299089346,45.4141189699788,44.8335680407679,42.736274814874,43.4587323957165,43.7114624281719,42.9375471367813,43.9177471861903,45.9408514773526,48.2886583812982,44.2873771533388,47.4842370278491,54.3120633586152,55.1958779701806,54.4971396815443,53.2286033614108
Sweden,SWE,Imports of goods and services (% of GDP),NE.IMP.GNFS.ZS,31.3412260997789,30.3799543776886,32.7632651207802,34.2044933729644,34.6710916432535,38.2267335056201,37.6696753093281,35.9236498661188,34.9921337375667,36.0169512517047,38.8363060434344,40.731913626917,41.8229027500389,43.7942694198751,38.4991885106953,40.2144550183387,40.9766258360399,40.464492501668,38.9039773181224,40.3642486526362,40.4616141676452,40.5144007206336,42.1515616878618,44.4678627588174,44.4624806477579,40.187218660823,43.626000413455,52.7996884678965,52.4238314737936,51.4703526317996,51.1066068253172
Sweden,SWE,General government final consumption expenditure (% of GDP),NE.CON.GOVT.ZS,25.4809703766659,25.7945851853138,25.2793010357612,25.3435410839985,25.3394619435542,24.4782098784652,24.6776967594811,25.3573847086936,25.6979503296427,25.0117658049261,24.8828287942409,24.5937207999104,24.1543294581894,24.7328246075251,26.0788746546094,25.1403485949936,25.0305210756699,25.8273403508395,26.3412173953265,26.306656514449,25.8946247355195,26.5028395322256,26.3566984341811,26.3905821818534,25.8863396570904,26.6042803951042,26.0264389710877,25.7413888108053,26.4175581827478,26.5704997625006,26.4325067172356
,,,,,,,,,,,,,,,,,,,,,,,,,,,,,,,,,,
,,,,,,,,,,,,,,,,,,,,,,,,,,,,,,,,,,
,,,,,,,,,,,,,,,,,,,,,,,,,,,,,,,,,,
Data from database: World Development Indicators,,,,,,,,,,,,,,,,,,,,,,,,,,,,,,,,,,
Last Updated: 07/13/2026,,,,,,,,,,,,,,,,,,,,,,,,,,,,,,,,,,
